enrollment_id,student_id,student_name,email,year_level,semester,course_id,grade,status,enrollment_date
1,STU-10001,Jasmine Bautista,jasminebautista@school.edu.ph,1,1st Sem 2023-2024,1,3.45,dropped,2024-01-15
2,STU-10002,Ana Torres,anatorres@school.edu.ph,4,1st Sem 2023-2024,3,1.93,passed,2024-10-04
3,STU-10003,Sofia Aquino,sofiaaquino@school.edu.ph,3,1st Sem 2024-2025,14,3.83,passed,2023-06-25
4,STU-10004,Diego Villanueva,diegovillanueva@school.edu.ph,2,1st Sem 2023-2024,10,1.76,incomplete,2024-08-09
5,STU-10005,Rafael Ortiz,rafaelortiz@school.edu.ph,1,2nd Sem 2023-2024,17,2.31,passed,2023-11-19
6,STU-10006,Miguel Go,miguelgo@school.edu.ph,4,2nd Sem 2023-2024,17,1.57,dropped,2024-07-27
7,STU-10007,Cedric Aquino,cedricaquino@school.edu.ph,2,1st Sem 2023-2024,1,2.37,failed,2024-09-04
8,STU-10008,Jasmine Villanueva,jasminevillanueva@school.edu.ph,3,2nd Sem 2023-2024,10,3.07,dropped,2023-12-27
9,STU-10009,Jasmine Aquino,jasmineaquino@school.edu.ph,2,1st Sem 2023-2024,13,2.5,passed,2024-03-25
10,STU-10010,Diego Castro,diegocastro@school.edu.ph,3,1st Sem 2024-2025,18,3.11,incomplete,2024-06-22
11,STU-10011,Carmen Reyes,carmenreyes@school.edu.ph,1,2nd Sem 2023-2024,13,2.42,passed,2024-01-08
12,STU-10012,Jasmine Tan,jasminetan@school.edu.ph,3,2nd Sem 2023-2024,8,2.6,passed,2023-07-20
13,STU-10013,Nina dela Cruz,ninadelacruz@school.edu.ph,3,2nd Sem 2023-2024,13,2.4,dropped,2023-11-16
14,STU-10014,Kevin Gomez,kevingomez@school.edu.ph,1,1st Sem 2024-2025,1,3.14,dropped,2024-07-12
15,STU-10015,Kevin Lim,kevinlim@school.edu.ph,1,1st Sem 2023-2024,9,2.64,incomplete,2024-07-28
16,STU-10016,Antonio Santos,antoniosantos@school.edu.ph,4,1st Sem 2023-2024,4,2.99,incomplete,2024-02-24
17,STU-10017,Lisa Diaz,lisadiaz@school.edu.ph,2,2nd Sem 2023-2024,15,1.26,passed,2024-05-31
18,STU-10018,Gelo Castro,gelocastro@school.edu.ph,2,2nd Sem 2023-2024,2,1.07,dropped,2024-02-12
19,STU-10019,Carlo Mendoza,carlomendoza@school.edu.ph,1,2nd Sem 2023-2024,9,3.52,dropped,2024-04-01
20,STU-10020,Mark Aquino,markaquino@school.edu.ph,1,1st Sem 2024-2025,1,4.87,passed,2023-11-28
21,STU-10021,Kevin Ramos,kevinramos@school.edu.ph,2,1st Sem 2023-2024,11,4.46,passed,2023-09-01
22,STU-10022,Edgar Lim,edgarlim@school.edu.ph,3,2nd Sem 2023-2024,16,3.47,passed,2023-12-24
23,STU-10023,Donna Morales,donnamorales@school.edu.ph,4,1st Sem 2024-2025,6,1.15,passed,2023-12-11
24,STU-10024,Kevin Tan,kevintan@school.edu.ph,4,1st Sem 2024-2025,16,3.54,dropped,2023-06-26
25,STU-10025,Carmen Gomez,carmengomez@school.edu.ph,2,2nd Sem 2023-2024,4,4.56,passed,2023-07-28
26,STU-10026,Jasmine Ortiz,jasmineortiz@school.edu.ph,1,2nd Sem 2023-2024,9,4.56,passed,2024-04-26
27,STU-10027,Juan Diaz,juandiaz@school.edu.ph,1,2nd Sem 2023-2024,15,2.12,dropped,2024-08-07
28,STU-10028,Juan Villanueva,juanvillanueva@school.edu.ph,4,2nd Sem 2023-2024,1,1.86,dropped,2024-07-20
29,STU-10029,Rachel Gomez,rachelgomez@school.edu.ph,3,2nd Sem 2023-2024,14,1.56,dropped,2023-11-23
30,STU-10030,Juan Flores,juanflores@school.edu.ph,3,1st Sem 2024-2025,4,1.7,incomplete,2024-07-15
31,STU-10031,Andrei Torres,andreitorres@school.edu.ph,2,1st Sem 2023-2024,17,4.38,passed,2023-10-13
32,STU-10032,Mark Morales,markmorales@school.edu.ph,1,2nd Sem 2023-2024,10,4.35,dropped,2024-02-17
33,STU-10033,Lucia Bautista,luciabautista@school.edu.ph,3,1st Sem 2023-2024,7,3.0,failed,2023-11-23
34,STU-10034,Bianca Morales,biancamorales@school.edu.ph,1,2nd Sem 2023-2024,17,1.65,passed,2023-06-26
35,STU-10035,Rachel Santos,rachelsantos@school.edu.ph,3,1st Sem 2023-2024,17,4.88,incomplete,2023-08-18
36,STU-10036,Rosa Castro,rosacastro@school.edu.ph,1,1st Sem 2023-2024,15,2.28,passed,2024-06-27
37,STU-10037,Rafael Santos,rafaelsantos@school.edu.ph,4,1st Sem 2023-2024,3,1.39,passed,2023-07-05
38,STU-10038,Rafael Go,rafaelgo@school.edu.ph,2,1st Sem 2024-2025,18,4.65,incomplete,2024-03-21
39,STU-10039,Donna Ramos,donnaramos@school.edu.ph,2,1st Sem 2024-2025,9,4.88,passed,2024-09-25
40,STU-10040,Ivan Garcia,ivangarcia@school.edu.ph,4,1st Sem 2024-2025,17,3.61,passed,2023-11-12
41,STU-10041,Juan Garcia,juangarcia@school.edu.ph,1,2nd Sem 2023-2024,1,1.47,passed,2023-11-09
42,STU-10042,Jasmine Mendoza,jasminemendoza@school.edu.ph,1,2nd Sem 2023-2024,1,4.63,passed,2024-07-27
43,STU-10043,Nina Diaz,ninadiaz@school.edu.ph,2,2nd Sem 2023-2024,10,2.58,passed,2023-08-11
44,STU-10044,Rachel Ramos,rachelramos@school.edu.ph,1,1st Sem 2023-2024,15,4.84,failed,2023-12-09
45,STU-10045,Mark Morales,markmorales@school.edu.ph,3,1st Sem 2023-2024,7,1.37,passed,2024-07-26
46,STU-10046,Elena Bautista,elenabautista@school.edu.ph,2,1st Sem 2023-2024,1,2.03,passed,2023-10-03
47,STU-10047,Elena Diaz,elenadiaz@school.edu.ph,2,1st Sem 2023-2024,16,1.67,dropped,2023-12-10
48,STU-10048,Jose Tan,josetan@school.edu.ph,2,2nd Sem 2023-2024,3,4.66,failed,2024-03-25
49,STU-10049,Andrei Ramos,andreiramos@school.edu.ph,1,1st Sem 2024-2025,13,3.74,failed,2024-07-18
50,STU-10050,Rosa Tan,rosatan@school.edu.ph,2,1st Sem 2023-2024,15,1.04,passed,2023-07-12
51,STU-10051,Gelo Gomez,gelogomez@school.edu.ph,4,1st Sem 2024-2025,3,1.87,passed,2024-01-28
52,STU-10052,Andrei Bautista,andreibautista@school.edu.ph,1,2nd Sem 2023-2024,18,4.68,incomplete,2024-03-26
53,STU-10053,Rachel Ortiz,rachelortiz@school.edu.ph,3,1st Sem 2024-2025,7,4.73,failed,2023-11-20
54,STU-10054,Antonio Ramos,antonioramos@school.edu.ph,3,2nd Sem 2023-2024,6,4.1,incomplete,2024-05-07
55,STU-10055,Faith Rivera,faithrivera@school.edu.ph,2,1st Sem 2023-2024,16,4.47,passed,2024-07-05
56,STU-10056,Andrei Morales,andreimorales@school.edu.ph,2,1st Sem 2024-2025,14,2.16,passed,2023-06-24
57,STU-10057,Sofia Ramos,sofiaramos@school.edu.ph,1,2nd Sem 2023-2024,10,2.84,passed,2024-07-18
58,STU-10058,Diego Garcia,diegogarcia@school.edu.ph,2,1st Sem 2024-2025,10,2.5,passed,2024-10-07
59,STU-10059,Maria Ramos,mariaramos@school.edu.ph,3,1st Sem 2023-2024,17,2.23,passed,2024-07-02
60,STU-10060,Faith Morales,faithmorales@school.edu.ph,3,2nd Sem 2023-2024,8,2.58,incomplete,2023-07-23
61,STU-10061,Andrei Villanueva,andreivillanueva@school.edu.ph,1,2nd Sem 2023-2024,1,1.66,passed,2024-07-19
62,STU-10062,Lucia Aquino,luciaaquino@school.edu.ph,3,2nd Sem 2023-2024,6,3.82,passed,2023-10-12
63,STU-10063,Lucia Aquino,luciaaquino@school.edu.ph,1,1st Sem 2024-2025,17,1.34,passed,2024-02-12
64,STU-10064,Bianca Gomez,biancagomez@school.edu.ph,3,1st Sem 2024-2025,15,2.3,passed,2024-07-06
65,STU-10065,Rachel Aquino,rachelaquino@school.edu.ph,3,1st Sem 2023-2024,2,3.46,passed,2023-12-03
66,STU-10066,Gelo Morales,gelomorales@school.edu.ph,3,2nd Sem 2023-2024,14,3.51,dropped,2023-11-19
67,STU-10067,Ana Garcia,anagarcia@school.edu.ph,4,2nd Sem 2023-2024,14,2.06,incomplete,2024-03-18
68,STU-10068,Elena Villanueva,elenavillanueva@school.edu.ph,1,2nd Sem 2023-2024,17,4.62,incomplete,2024-09-17
69,STU-10069,Ana dela Cruz,anadelacruz@school.edu.ph,3,2nd Sem 2023-2024,12,3.15,passed,2023-08-20
70,STU-10070,Antonio Flores,antonioflores@school.edu.ph,2,2nd Sem 2023-2024,2,2.44,failed,2023-06-15
71,STU-10071,Kevin Go,kevingo@school.edu.ph,1,1st Sem 2023-2024,15,3.25,passed,2024-09-05
72,STU-10072,Andrei Lim,andreilim@school.edu.ph,1,2nd Sem 2023-2024,13,4.27,passed,2023-11-09
73,STU-10073,Antonio Garcia,antoniogarcia@school.edu.ph,1,1st Sem 2023-2024,1,1.08,passed,2023-07-29
74,STU-10074,Carmen Diaz,carmendiaz@school.edu.ph,3,2nd Sem 2023-2024,9,2.23,dropped,2024-05-05
75,STU-10075,Mark Torres,marktorres@school.edu.ph,2,1st Sem 2023-2024,2,3.23,passed,2024-10-11
76,STU-10076,Kevin Rivera,kevinrivera@school.edu.ph,2,2nd Sem 2023-2024,3,1.3,passed,2024-09-02
77,STU-10077,Donna dela Cruz,donnadelacruz@school.edu.ph,4,1st Sem 2024-2025,15,3.1,failed,2024-08-26
78,STU-10078,Kevin dela Cruz,kevindelacruz@school.edu.ph,1,1st Sem 2023-2024,9,3.94,failed,2023-06-23
79,STU-10079,Ana Ramos,anaramos@school.edu.ph,2,2nd Sem 2023-2024,4,1.45,failed,2023-09-25
80,STU-10080,Nina Bautista,ninabautista@school.edu.ph,2,1st Sem 2024-2025,14,4.65,failed,2024-07-05
81,STU-10081,Bianca Rivera,biancarivera@school.edu.ph,1,2nd Sem 2023-2024,18,4.47,passed,2023-08-09
82,STU-10082,Ana Go,anago@school.edu.ph,1,1st Sem 2024-2025,17,3.73,passed,2023-11-26
83,STU-10083,Sofia Reyes,sofiareyes@school.edu.ph,3,1st Sem 2023-2024,10,3.7,passed,2024-03-11
84,STU-10084,Andrei Tan,andreitan@school.edu.ph,1,1st Sem 2023-2024,9,2.28,dropped,2023-08-07
85,STU-10085,Rachel Santos,rachelsantos@school.edu.ph,3,1st Sem 2023-2024,16,4.34,passed,2023-10-29
86,STU-10086,Carmen Reyes,carmenreyes@school.edu.ph,4,1st Sem 2024-2025,1,3.97,dropped,2023-06-11
87,STU-10087,Faith Castro,faithcastro@school.edu.ph,2,1st Sem 2024-2025,16,2.86,passed,2024-02-21
88,STU-10088,Edgar Morales,edgarmorales@school.edu.ph,4,1st Sem 2023-2024,8,1.7,passed,2023-10-14
89,STU-10089,Nina Reyes,ninareyes@school.edu.ph,1,1st Sem 2024-2025,18,3.16,incomplete,2023-09-29
90,STU-10090,Rafael Torres,rafaeltorres@school.edu.ph,1,1st Sem 2024-2025,9,2.1,dropped,2023-11-12
91,STU-10091,Maria Morales,mariamorales@school.edu.ph,1,2nd Sem 2023-2024,15,3.71,incomplete,2023-06-16
92,STU-10092,Miguel Flores,miguelflores@school.edu.ph,1,1st Sem 2024-2025,10,2.68,passed,2024-08-01
93,STU-10093,Rosa Lim,rosalim@school.edu.ph,2,1st Sem 2023-2024,13,4.49,passed,2023-12-17
94,STU-10094,Sofia Bautista,sofiabautista@school.edu.ph,1,2nd Sem 2023-2024,10,1.22,passed,2024-06-06
95,STU-10095,Gelo Villanueva,gelovillanueva@school.edu.ph,4,2nd Sem 2023-2024,12,3.89,passed,2024-10-04
96,STU-10096,Edgar Torres,edgartorres@school.edu.ph,2,2nd Sem 2023-2024,17,1.29,passed,2024-06-13
97,STU-10097,Faith Go,faithgo@school.edu.ph,2,1st Sem 2024-2025,12,3.98,passed,2024-06-24
98,STU-10098,Lucia Aquino,luciaaquino@school.edu.ph,1,2nd Sem 2023-2024,18,1.69,dropped,2024-05-28
99,STU-10099,Carlo Torres,carlotorres@school.edu.ph,2,1st Sem 2024-2025,17,3.6,failed,2024-01-15
100,STU-10100,Carlo Torres,carlotorres@school.edu.ph,2,2nd Sem 2023-2024,2,2.98,passed,2024-05-16
101,STU-10101,Faith Ramos,faithramos@school.edu.ph,3,1st Sem 2024-2025,15,3.15,incomplete,2024-01-13
102,STU-10102,Miguel Flores,miguelflores@school.edu.ph,2,2nd Sem 2023-2024,4,4.06,passed,2023-12-08
103,STU-10103,Donna Diaz,donnadiaz@school.edu.ph,2,2nd Sem 2023-2024,15,4.52,passed,2023-07-26
104,STU-10104,Donna Torres,donnatorres@school.edu.ph,4,2nd Sem 2023-2024,2,2.94,failed,2024-09-28
105,STU-10105,Juan Garcia,juangarcia@school.edu.ph,2,2nd Sem 2023-2024,9,2.87,passed,2023-06-26
106,STU-10106,Kevin Torres,kevintorres@school.edu.ph,1,2nd Sem 2023-2024,1,3.09,passed,2023-06-25
107,STU-10107,Juan Reyes,juanreyes@school.edu.ph,4,1st Sem 2024-2025,14,4.88,incomplete,2024-06-19
108,STU-10108,Bianca Bautista,biancabautista@school.edu.ph,3,1st Sem 2024-2025,5,3.04,passed,2024-03-26
109,STU-10109,Hannah Ramos,hannahramos@school.edu.ph,2,1st Sem 2023-2024,1,4.45,passed,2023-11-18
110,STU-10110,Donna Santos,donnasantos@school.edu.ph,4,1st Sem 2023-2024,3,4.94,incomplete,2024-07-23
111,STU-10111,Rafael Aquino,rafaelaquino@school.edu.ph,3,1st Sem 2023-2024,17,3.89,incomplete,2023-09-26
112,STU-10112,Nina Go,ninago@school.edu.ph,2,1st Sem 2023-2024,3,2.08,incomplete,2023-11-20
113,STU-10113,Carmen Torres,carmentorres@school.edu.ph,2,2nd Sem 2023-2024,4,2.18,dropped,2024-04-15
114,STU-10114,Mark Garcia,markgarcia@school.edu.ph,2,2nd Sem 2023-2024,18,1.91,dropped,2023-10-29
115,STU-10115,Carlo Bautista,carlobautista@school.edu.ph,3,1st Sem 2024-2025,5,5.0,dropped,2023-11-26
116,STU-10116,Donna Go,donnago@school.edu.ph,3,1st Sem 2023-2024,17,1.37,dropped,2024-01-30
117,STU-10117,Faith Ramos,faithramos@school.edu.ph,2,1st Sem 2023-2024,18,1.86,incomplete,2023-06-18
118,STU-10118,Ivan dela Cruz,ivandelacruz@school.edu.ph,1,1st Sem 2024-2025,15,3.09,incomplete,2024-04-01
119,STU-10119,Diego Garcia,diegogarcia@school.edu.ph,2,2nd Sem 2023-2024,2,4.02,passed,2023-12-18
120,STU-10120,Carmen Lim,carmenlim@school.edu.ph,1,2nd Sem 2023-2024,18,4.01,passed,2023-10-18
121,STU-10121,Elena Ortiz,elenaortiz@school.edu.ph,4,2nd Sem 2023-2024,3,2.34,dropped,2023-08-19
122,STU-10122,Maria Flores,mariaflores@school.edu.ph,2,1st Sem 2024-2025,10,1.18,incomplete,2024-08-22
123,STU-10123,Faith Diaz,faithdiaz@school.edu.ph,3,1st Sem 2024-2025,3,3.95,dropped,2023-11-17
124,STU-10124,Lisa Morales,lisamorales@school.edu.ph,1,1st Sem 2023-2024,17,3.65,incomplete,2024-04-26
125,STU-10125,Cedric Castro,cedriccastro@school.edu.ph,1,2nd Sem 2023-2024,13,4.6,passed,2024-02-05
126,STU-10126,Diego Rivera,diegorivera@school.edu.ph,4,1st Sem 2023-2024,20,3.8,passed,2024-09-01
127,STU-10127,Rafael Lim,rafaellim@school.edu.ph,1,2nd Sem 2023-2024,13,4.72,incomplete,2023-12-23
128,STU-10128,Antonio Garcia,antoniogarcia@school.edu.ph,3,1st Sem 2024-2025,10,3.13,passed,2024-07-15
129,STU-10129,Carmen Aquino,carmenaquino@school.edu.ph,3,1st Sem 2024-2025,16,4.11,failed,2024-05-20
130,STU-10130,Miguel Garcia,miguelgarcia@school.edu.ph,4,1st Sem 2024-2025,16,2.93,passed,2024-07-13
131,STU-10131,Jasmine Castro,jasminecastro@school.edu.ph,2,1st Sem 2023-2024,10,3.37,passed,2024-03-04
132,STU-10132,Carlo Garcia,carlogarcia@school.edu.ph,2,1st Sem 2023-2024,12,2.74,incomplete,2023-12-24
133,STU-10133,Carmen Ramos,carmenramos@school.edu.ph,4,1st Sem 2023-2024,7,4.43,passed,2024-01-15
134,STU-10134,Cedric Morales,cedricmorales@school.edu.ph,3,1st Sem 2023-2024,8,4.53,passed,2024-01-31
135,STU-10135,Maria Aquino,mariaaquino@school.edu.ph,3,1st Sem 2024-2025,6,1.17,dropped,2023-12-11
136,STU-10136,Elena Morales,elenamorales@school.edu.ph,1,2nd Sem 2023-2024,15,4.74,passed,2023-12-13
137,STU-10137,Hannah Rivera,hannahrivera@school.edu.ph,2,2nd Sem 2023-2024,15,2.92,passed,2024-03-29
138,STU-10138,Maria Rivera,mariarivera@school.edu.ph,4,1st Sem 2024-2025,17,3.85,passed,2023-08-21
139,STU-10139,Rafael Villanueva,rafaelvillanueva@school.edu.ph,4,2nd Sem 2023-2024,17,3.12,dropped,2024-04-19
140,STU-10140,Paolo Gomez,paologomez@school.edu.ph,1,2nd Sem 2023-2024,1,2.79,passed,2024-04-25
141,STU-10141,Lucia Lim,lucialim@school.edu.ph,1,2nd Sem 2023-2024,18,4.57,incomplete,2024-02-26
142,STU-10142,Kevin Santos,kevinsantos@school.edu.ph,4,1st Sem 2023-2024,5,1.67,passed,2024-03-20
143,STU-10143,Mark Torres,marktorres@school.edu.ph,1,1st Sem 2023-2024,10,1.11,dropped,2024-05-15
144,STU-10144,Andrei Santos,andreisantos@school.edu.ph,1,1st Sem 2023-2024,17,3.72,incomplete,2024-01-26
145,STU-10145,Donna Flores,donnaflores@school.edu.ph,4,2nd Sem 2023-2024,3,1.62,passed,2024-07-11
146,STU-10146,Lisa Morales,lisamorales@school.edu.ph,1,1st Sem 2024-2025,17,1.4,passed,2024-06-30
147,STU-10147,Rachel Garcia,rachelgarcia@school.edu.ph,2,1st Sem 2024-2025,12,1.27,passed,2024-04-24
148,STU-10148,Sofia Bautista,sofiabautista@school.edu.ph,3,1st Sem 2023-2024,11,4.72,incomplete,2024-08-24
149,STU-10149,Gelo Reyes,geloreyes@school.edu.ph,3,2nd Sem 2023-2024,1,1.08,passed,2023-06-16
150,STU-10150,Paolo dela Cruz,paolodelacruz@school.edu.ph,1,1st Sem 2024-2025,10,4.54,passed,2024-09-05
151,STU-10151,Rosa dela Cruz,rosadelacruz@school.edu.ph,3,1st Sem 2024-2025,9,2.17,failed,2024-08-19
152,STU-10152,Cedric Ortiz,cedricortiz@school.edu.ph,1,2nd Sem 2023-2024,18,1.13,dropped,2023-06-11
153,STU-10153,Lucia Castro,luciacastro@school.edu.ph,2,1st Sem 2024-2025,9,1.97,passed,2024-01-16
154,STU-10154,Bianca Aquino,biancaaquino@school.edu.ph,4,2nd Sem 2023-2024,5,4.02,passed,2024-09-02
155,STU-10155,Gelo Torres,gelotorres@school.edu.ph,1,2nd Sem 2023-2024,18,4.47,failed,2024-10-11
156,STU-10156,Andrei Morales,andreimorales@school.edu.ph,2,1st Sem 2023-2024,12,2.05,passed,2024-06-10
157,STU-10157,Nina Flores,ninaflores@school.edu.ph,1,1st Sem 2023-2024,1,2.29,passed,2024-07-17
158,STU-10158,Maria Tan,mariatan@school.edu.ph,1,1st Sem 2023-2024,13,3.04,passed,2024-04-07
159,STU-10159,Lucia Tan,luciatan@school.edu.ph,2,1st Sem 2024-2025,16,1.49,dropped,2023-08-19
160,STU-10160,Hannah Villanueva,hannahvillanueva@school.edu.ph,1,2nd Sem 2023-2024,17,2.03,passed,2023-12-06
161,STU-10161,Donna Lim,donnalim@school.edu.ph,4,1st Sem 2023-2024,1,4.86,passed,2024-06-26
162,STU-10162,Carmen Villanueva,carmenvillanueva@school.edu.ph,1,1st Sem 2024-2025,9,1.55,dropped,2023-07-07
163,STU-10163,Nina Morales,ninamorales@school.edu.ph,1,2nd Sem 2023-2024,15,2.41,dropped,2023-10-30
164,STU-10164,Sofia Villanueva,sofiavillanueva@school.edu.ph,1,1st Sem 2024-2025,17,3.29,dropped,2024-02-29
165,STU-10165,Ivan Reyes,ivanreyes@school.edu.ph,1,1st Sem 2024-2025,15,1.09,dropped,2023-11-22
166,STU-10166,Nina dela Cruz,ninadelacruz@school.edu.ph,1,1st Sem 2024-2025,15,1.28,failed,2023-07-10
167,STU-10167,Diego Diaz,diegodiaz@school.edu.ph,1,2nd Sem 2023-2024,18,3.15,passed,2023-10-15
168,STU-10168,Sofia Tan,sofiatan@school.edu.ph,4,2nd Sem 2023-2024,16,1.63,dropped,2024-07-14
169,STU-10169,Ana Bautista,anabautista@school.edu.ph,1,2nd Sem 2023-2024,1,2.18,passed,2024-05-01
170,STU-10170,Kevin Ramos,kevinramos@school.edu.ph,1,2nd Sem 2023-2024,13,2.25,passed,2024-07-29
171,STU-10171,Lucia Reyes,luciareyes@school.edu.ph,2,1st Sem 2023-2024,9,1.13,incomplete,2024-01-31
172,STU-10172,Andrei Garcia,andreigarcia@school.edu.ph,3,1st Sem 2023-2024,14,3.96,dropped,2023-12-07
173,STU-10173,Ana Ortiz,anaortiz@school.edu.ph,2,1st Sem 2023-2024,5,2.59,failed,2023-08-11
174,STU-10174,Andrei Gomez,andreigomez@school.edu.ph,1,2nd Sem 2023-2024,1,1.11,passed,2023-10-24
175,STU-10175,Elena Reyes,elenareyes@school.edu.ph,4,1st Sem 2024-2025,1,1.79,failed,2023-12-26
176,STU-10176,Elena Castro,elenacastro@school.edu.ph,3,2nd Sem 2023-2024,15,4.71,dropped,2023-09-24
177,STU-10177,Nina Reyes,ninareyes@school.edu.ph,2,1st Sem 2024-2025,9,4.35,passed,2024-01-07
178,STU-10178,Elena Reyes,elenareyes@school.edu.ph,2,1st Sem 2024-2025,4,2.83,failed,2023-06-16
179,STU-10179,Ana Lim,analim@school.edu.ph,3,1st Sem 2024-2025,2,1.51,failed,2024-03-30
180,STU-10180,Kevin Reyes,kevinreyes@school.edu.ph,3,1st Sem 2024-2025,8,3.58,passed,2024-05-11
181,STU-10181,Faith Mendoza,faithmendoza@school.edu.ph,1,1st Sem 2024-2025,18,2.45,dropped,2024-05-05
182,STU-10182,Andrei Mendoza,andreimendoza@school.edu.ph,2,2nd Sem 2023-2024,15,3.72,failed,2024-02-21
183,STU-10183,Bianca Gomez,biancagomez@school.edu.ph,2,1st Sem 2023-2024,16,1.24,failed,2024-03-24
184,STU-10184,Rafael Garcia,rafaelgarcia@school.edu.ph,2,1st Sem 2024-2025,18,4.32,passed,2024-09-30
185,STU-10185,Ivan Rivera,ivanrivera@school.edu.ph,3,1st Sem 2023-2024,14,1.58,dropped,2024-03-07
186,STU-10186,Ana Villanueva,anavillanueva@school.edu.ph,4,1st Sem 2023-2024,12,2.53,dropped,2023-08-03
187,STU-10187,Mark Diaz,markdiaz@school.edu.ph,4,1st Sem 2023-2024,8,2.78,passed,2024-06-03
188,STU-10188,Rachel Lim,rachellim@school.edu.ph,4,1st Sem 2023-2024,12,4.24,dropped,2024-07-01
189,STU-10189,Mark Aquino,markaquino@school.edu.ph,2,1st Sem 2024-2025,5,1.69,passed,2023-07-17
190,STU-10190,Rosa Lim,rosalim@school.edu.ph,3,1st Sem 2023-2024,1,4.56,incomplete,2024-10-01
191,STU-10191,Rachel Ortiz,rachelortiz@school.edu.ph,3,1st Sem 2024-2025,14,4.08,passed,2023-10-27
192,STU-10192,Juan Aquino,juanaquino@school.edu.ph,1,2nd Sem 2023-2024,18,2.76,dropped,2023-11-29
193,STU-10193,Jasmine Santos,jasminesantos@school.edu.ph,4,1st Sem 2024-2025,17,2.7,passed,2024-02-11
194,STU-10194,Elena Bautista,elenabautista@school.edu.ph,3,1st Sem 2024-2025,9,2.03,dropped,2024-02-07
195,STU-10195,Ana Gomez,anagomez@school.edu.ph,2,1st Sem 2024-2025,3,1.53,failed,2023-08-04
196,STU-10196,Ivan Go,ivango@school.edu.ph,1,1st Sem 2024-2025,1,2.62,failed,2023-09-24
197,STU-10197,Sofia Flores,sofiaflores@school.edu.ph,2,2nd Sem 2023-2024,10,2.07,passed,2024-05-11
198,STU-10198,Carlo Rivera,carlorivera@school.edu.ph,1,2nd Sem 2023-2024,17,2.46,failed,2024-08-24
199,STU-10199,Nina Ramos,ninaramos@school.edu.ph,2,1st Sem 2023-2024,17,2.57,incomplete,2024-08-27
200,STU-10200,Cedric Tan,cedrictan@school.edu.ph,2,1st Sem 2024-2025,5,1.4,incomplete,2024-06-13
201,STU-10201,Miguel Villanueva,miguelvillanueva@school.edu.ph,2,1st Sem 2024-2025,5,3.99,passed,2024-01-15
202,STU-10202,Hannah Villanueva,hannahvillanueva@school.edu.ph,1,2nd Sem 2023-2024,17,3.14,failed,2024-06-05
203,STU-10203,Carlo Morales,carlomorales@school.edu.ph,2,1st Sem 2023-2024,14,4.05,dropped,2024-05-28
204,STU-10204,Maria Villanueva,mariavillanueva@school.edu.ph,3,1st Sem 2023-2024,2,1.08,passed,2024-09-17
205,STU-10205,Ana Tan,anatan@school.edu.ph,2,1st Sem 2023-2024,15,3.85,incomplete,2024-06-05
206,STU-10206,Sofia Lim,sofialim@school.edu.ph,2,1st Sem 2024-2025,10,2.03,passed,2024-05-07
207,STU-10207,Carmen Rivera,carmenrivera@school.edu.ph,4,1st Sem 2023-2024,10,3.58,passed,2023-06-15
208,STU-10208,Ana Rivera,anarivera@school.edu.ph,1,1st Sem 2023-2024,15,2.36,dropped,2023-09-08
209,STU-10209,Lucia Morales,luciamorales@school.edu.ph,2,1st Sem 2024-2025,14,3.32,passed,2023-10-25
210,STU-10210,Carmen Bautista,carmenbautista@school.edu.ph,3,1st Sem 2023-2024,11,4.98,incomplete,2023-08-26
211,STU-10211,Ivan Flores,ivanflores@school.edu.ph,2,2nd Sem 2023-2024,10,1.13,passed,2024-01-31
212,STU-10212,Ivan Torres,ivantorres@school.edu.ph,4,1st Sem 2024-2025,13,1.0,passed,2023-10-20
213,STU-10213,Antonio dela Cruz,antoniodelacruz@school.edu.ph,1,1st Sem 2023-2024,15,1.6,dropped,2024-04-11
214,STU-10214,Andrei Villanueva,andreivillanueva@school.edu.ph,1,2nd Sem 2023-2024,10,1.99,passed,2024-02-14
215,STU-10215,Miguel Villanueva,miguelvillanueva@school.edu.ph,1,2nd Sem 2023-2024,13,1.79,passed,2023-08-08
216,STU-10216,Juan Tan,juantan@school.edu.ph,1,2nd Sem 2023-2024,10,2.5,dropped,2024-03-15
217,STU-10217,Diego Castro,diegocastro@school.edu.ph,3,1st Sem 2023-2024,18,3.46,passed,2024-06-24
218,STU-10218,Maria Ramos,mariaramos@school.edu.ph,2,2nd Sem 2023-2024,16,4.97,passed,2024-06-25
219,STU-10219,Maria Lim,marialim@school.edu.ph,2,1st Sem 2023-2024,16,4.38,failed,2023-09-27
220,STU-10220,Cedric Torres,cedrictorres@school.edu.ph,3,1st Sem 2024-2025,7,1.27,dropped,2024-10-03
221,STU-10221,Juan Ortiz,juanortiz@school.edu.ph,1,1st Sem 2024-2025,10,4.85,failed,2023-09-23
222,STU-10222,Gelo Santos,gelosantos@school.edu.ph,2,1st Sem 2023-2024,16,1.18,passed,2024-01-18
223,STU-10223,Ivan Reyes,ivanreyes@school.edu.ph,1,1st Sem 2024-2025,1,2.29,passed,2023-06-12
224,STU-10224,Jose Aquino,joseaquino@school.edu.ph,2,1st Sem 2023-2024,12,2.32,passed,2024-09-14
225,STU-10225,Jasmine Reyes,jasminereyes@school.edu.ph,3,1st Sem 2023-2024,9,3.5,passed,2024-09-27
226,STU-10226,Hannah Mendoza,hannahmendoza@school.edu.ph,3,1st Sem 2024-2025,18,1.61,incomplete,2023-11-17
227,STU-10227,Antonio Reyes,antonioreyes@school.edu.ph,3,1st Sem 2023-2024,10,3.8,dropped,2024-09-28
228,STU-10228,Ivan Rivera,ivanrivera@school.edu.ph,2,1st Sem 2024-2025,14,4.7,failed,2024-03-18
229,STU-10229,Carlo Gomez,carlogomez@school.edu.ph,2,1st Sem 2024-2025,11,2.66,passed,2024-06-04
230,STU-10230,Mark Rivera,markrivera@school.edu.ph,1,1st Sem 2024-2025,17,3.17,dropped,2024-01-07
231,STU-10231,Elena Mendoza,elenamendoza@school.edu.ph,2,1st Sem 2024-2025,12,3.64,passed,2024-09-16
232,STU-10232,Lucia Flores,luciaflores@school.edu.ph,2,1st Sem 2024-2025,5,1.47,passed,2024-02-02
233,STU-10233,Juan Diaz,juandiaz@school.edu.ph,2,1st Sem 2023-2024,15,1.55,passed,2023-07-21
234,STU-10234,Carmen Garcia,carmengarcia@school.edu.ph,1,1st Sem 2023-2024,1,4.42,passed,2023-06-17
235,STU-10235,Carmen Santos,carmensantos@school.edu.ph,2,2nd Sem 2023-2024,14,2.17,failed,2024-01-19
236,STU-10236,Jasmine Ortiz,jasmineortiz@school.edu.ph,2,1st Sem 2024-2025,13,2.16,passed,2024-08-03
237,STU-10237,Hannah Reyes,hannahreyes@school.edu.ph,3,2nd Sem 2023-2024,10,2.38,passed,2023-12-19
238,STU-10238,Andrei Diaz,andreidiaz@school.edu.ph,3,1st Sem 2023-2024,7,2.51,incomplete,2024-06-11
239,STU-10239,Carmen Aquino,carmenaquino@school.edu.ph,2,1st Sem 2024-2025,4,3.52,failed,2024-06-20
240,STU-10240,Mark Mendoza,markmendoza@school.edu.ph,2,2nd Sem 2023-2024,18,1.21,failed,2024-04-20
241,STU-10241,Miguel Go,miguelgo@school.edu.ph,3,1st Sem 2023-2024,12,3.98,passed,2023-11-02
242,STU-10242,Maria Go,mariago@school.edu.ph,2,2nd Sem 2023-2024,4,2.96,passed,2023-08-23
243,STU-10243,Edgar Lim,edgarlim@school.edu.ph,1,1st Sem 2024-2025,9,2.65,passed,2023-10-28
244,STU-10244,Ivan Go,ivango@school.edu.ph,3,2nd Sem 2023-2024,8,1.25,failed,2024-06-16
245,STU-10245,Donna dela Cruz,donnadelacruz@school.edu.ph,4,1st Sem 2024-2025,9,4.44,passed,2024-03-05
246,STU-10246,Sofia Diaz,sofiadiaz@school.edu.ph,4,1st Sem 2024-2025,13,2.96,passed,2023-12-14
247,STU-10247,Ivan Ramos,ivanramos@school.edu.ph,4,1st Sem 2023-2024,2,3.95,passed,2024-06-20
248,STU-10248,Andrei Santos,andreisantos@school.edu.ph,3,2nd Sem 2023-2024,2,3.61,dropped,2024-05-15
249,STU-10249,Maria Aquino,mariaaquino@school.edu.ph,3,1st Sem 2024-2025,7,4.39,passed,2023-11-30
250,STU-10250,Miguel Santos,miguelsantos@school.edu.ph,2,1st Sem 2024-2025,1,3.08,passed,2023-06-25
251,STU-10251,Ana Gomez,anagomez@school.edu.ph,2,1st Sem 2023-2024,9,3.65,incomplete,2023-08-24
252,STU-10252,Antonio dela Cruz,antoniodelacruz@school.edu.ph,1,2nd Sem 2023-2024,15,3.49,dropped,2023-06-24
253,STU-10253,Hannah Mendoza,hannahmendoza@school.edu.ph,1,1st Sem 2023-2024,18,2.01,passed,2023-10-19
254,STU-10254,Cedric Castro,cedriccastro@school.edu.ph,3,2nd Sem 2023-2024,15,1.46,failed,2024-01-07
255,STU-10255,Ivan Aquino,ivanaquino@school.edu.ph,2,2nd Sem 2023-2024,17,3.32,failed,2024-03-11
256,STU-10256,Ana Ortiz,anaortiz@school.edu.ph,1,1st Sem 2023-2024,13,3.43,dropped,2023-08-25
257,STU-10257,Gelo Diaz,gelodiaz@school.edu.ph,3,1st Sem 2023-2024,10,2.83,passed,2024-04-14
258,STU-10258,Carmen Mendoza,carmenmendoza@school.edu.ph,2,1st Sem 2024-2025,18,3.63,passed,2024-02-21
259,STU-10259,Andrei Bautista,andreibautista@school.edu.ph,4,1st Sem 2024-2025,1,4.33,failed,2024-06-20
260,STU-10260,Donna Castro,donnacastro@school.edu.ph,2,1st Sem 2023-2024,12,3.25,dropped,2023-06-14
261,STU-10261,Carlo Morales,carlomorales@school.edu.ph,1,1st Sem 2023-2024,15,4.5,dropped,2024-09-02
262,STU-10262,Faith Go,faithgo@school.edu.ph,4,1st Sem 2023-2024,20,2.53,passed,2024-03-17
263,STU-10263,Nina Ramos,ninaramos@school.edu.ph,3,1st Sem 2023-2024,14,3.37,passed,2024-08-14
264,STU-10264,Antonio Aquino,antonioaquino@school.edu.ph,1,1st Sem 2024-2025,15,1.47,incomplete,2023-12-06
265,STU-10265,Diego Villanueva,diegovillanueva@school.edu.ph,1,1st Sem 2023-2024,13,4.32,passed,2023-08-30
266,STU-10266,Gelo Villanueva,gelovillanueva@school.edu.ph,2,2nd Sem 2023-2024,13,3.02,dropped,2023-07-11
267,STU-10267,Juan Tan,juantan@school.edu.ph,4,1st Sem 2023-2024,20,1.07,failed,2023-12-13
268,STU-10268,Ivan Castro,ivancastro@school.edu.ph,2,2nd Sem 2023-2024,5,2.08,failed,2024-03-26
269,STU-10269,Rachel Gomez,rachelgomez@school.edu.ph,3,1st Sem 2023-2024,1,3.63,dropped,2024-04-06
270,STU-10270,Ivan Ortiz,ivanortiz@school.edu.ph,2,1st Sem 2023-2024,2,4.58,incomplete,2024-08-30
271,STU-10271,Rafael Torres,rafaeltorres@school.edu.ph,2,1st Sem 2024-2025,5,2.34,passed,2024-02-04
272,STU-10272,Juan Reyes,juanreyes@school.edu.ph,3,1st Sem 2024-2025,1,3.83,dropped,2024-10-02
273,STU-10273,Mark Mendoza,markmendoza@school.edu.ph,3,1st Sem 2024-2025,18,1.52,incomplete,2024-07-04
274,STU-10274,Carlo Ortiz,carloortiz@school.edu.ph,1,1st Sem 2023-2024,17,1.85,passed,2024-06-09
275,STU-10275,Paolo Aquino,paoloaquino@school.edu.ph,1,1st Sem 2023-2024,13,2.27,incomplete,2023-09-20
276,STU-10276,Rafael Lim,rafaellim@school.edu.ph,4,2nd Sem 2023-2024,5,4.23,passed,2023-09-08
277,STU-10277,Maria Gomez,mariagomez@school.edu.ph,4,1st Sem 2023-2024,18,1.45,passed,2023-07-04
278,STU-10278,Gelo Castro,gelocastro@school.edu.ph,3,1st Sem 2024-2025,17,3.69,passed,2024-10-11
279,STU-10279,Nina Diaz,ninadiaz@school.edu.ph,1,1st Sem 2024-2025,9,3.71,failed,2024-04-12
280,STU-10280,Rafael Reyes,rafaelreyes@school.edu.ph,1,1st Sem 2023-2024,13,4.24,failed,2024-02-28
281,STU-10281,Antonio Gomez,antoniogomez@school.edu.ph,1,1st Sem 2024-2025,17,2.2,incomplete,2023-06-15
282,STU-10282,Antonio Santos,antoniosantos@school.edu.ph,3,1st Sem 2024-2025,15,3.39,passed,2023-12-10
283,STU-10283,Gelo Lim,gelolim@school.edu.ph,1,2nd Sem 2023-2024,17,2.97,passed,2024-08-27
284,STU-10284,Lisa Morales,lisamorales@school.edu.ph,1,1st Sem 2023-2024,9,4.51,dropped,2024-01-19
285,STU-10285,Donna Garcia,donnagarcia@school.edu.ph,3,1st Sem 2024-2025,12,4.37,failed,2024-07-03
286,STU-10286,Edgar Gomez,edgargomez@school.edu.ph,1,1st Sem 2024-2025,18,2.76,passed,2024-08-05
287,STU-10287,Cedric Ortiz,cedricortiz@school.edu.ph,1,1st Sem 2023-2024,9,3.02,passed,2023-10-31
288,STU-10288,Lisa Castro,lisacastro@school.edu.ph,2,1st Sem 2024-2025,3,4.92,failed,2024-07-03
289,STU-10289,Gelo Torres,gelotorres@school.edu.ph,1,2nd Sem 2023-2024,9,2.37,dropped,2024-07-30
290,STU-10290,Lisa Morales,lisamorales@school.edu.ph,3,2nd Sem 2023-2024,8,2.22,passed,2024-08-18
291,STU-10291,Jose dela Cruz,josedelacruz@school.edu.ph,3,1st Sem 2024-2025,14,3.86,passed,2023-10-19
292,STU-10292,Nina Santos,ninasantos@school.edu.ph,4,1st Sem 2024-2025,3,1.52,incomplete,2024-09-24
293,STU-10293,Rosa Tan,rosatan@school.edu.ph,3,1st Sem 2024-2025,10,2.37,dropped,2023-07-22
294,STU-10294,Cedric Garcia,cedricgarcia@school.edu.ph,3,2nd Sem 2023-2024,17,1.2,passed,2024-07-26
295,STU-10295,Jasmine Ramos,jasmineramos@school.edu.ph,1,1st Sem 2023-2024,9,1.77,incomplete,2024-04-20
296,STU-10296,Donna Bautista,donnabautista@school.edu.ph,2,1st Sem 2023-2024,3,2.69,passed,2024-03-27
297,STU-10297,Elena Tan,elenatan@school.edu.ph,1,1st Sem 2024-2025,13,2.97,passed,2023-09-05
298,STU-10298,Bianca Rivera,biancarivera@school.edu.ph,1,2nd Sem 2023-2024,17,1.61,passed,2023-10-26
299,STU-10299,Bianca Diaz,biancadiaz@school.edu.ph,3,1st Sem 2023-2024,9,1.57,incomplete,2023-06-23
300,STU-10300,Ana Ortiz,anaortiz@school.edu.ph,1,1st Sem 2023-2024,17,1.61,passed,2023-08-29
301,STU-10301,Ivan Flores,ivanflores@school.edu.ph,3,1st Sem 2023-2024,9,2.7,failed,2023-07-02
302,STU-10302,Rafael Castro,rafaelcastro@school.edu.ph,4,1st Sem 2023-2024,10,4.96,incomplete,2024-08-11
303,STU-10303,Carmen Villanueva,carmenvillanueva@school.edu.ph,2,1st Sem 2024-2025,10,4.17,passed,2023-07-19
304,STU-10304,Maria Castro,mariacastro@school.edu.ph,2,1st Sem 2024-2025,16,4.48,passed,2024-09-11
305,STU-10305,Paolo Torres,paolotorres@school.edu.ph,3,1st Sem 2024-2025,7,4.8,passed,2024-08-30
306,STU-10306,Edgar Rivera,edgarrivera@school.edu.ph,2,2nd Sem 2023-2024,2,2.17,failed,2024-04-06
307,STU-10307,Mark Castro,markcastro@school.edu.ph,4,1st Sem 2024-2025,6,3.84,dropped,2024-04-09
308,STU-10308,Edgar Diaz,edgardiaz@school.edu.ph,1,1st Sem 2023-2024,1,3.36,incomplete,2024-02-23
309,STU-10309,Lisa Diaz,lisadiaz@school.edu.ph,1,2nd Sem 2023-2024,15,4.64,passed,2024-04-28
310,STU-10310,Elena Ortiz,elenaortiz@school.edu.ph,3,1st Sem 2024-2025,12,2.03,dropped,2024-05-06
311,STU-10311,Gelo Go,gelogo@school.edu.ph,3,1st Sem 2023-2024,18,1.25,passed,2024-08-16
312,STU-10312,Sofia Reyes,sofiareyes@school.edu.ph,1,1st Sem 2024-2025,18,4.15,passed,2024-07-27
313,STU-10313,Cedric Ramos,cedricramos@school.edu.ph,2,1st Sem 2023-2024,17,1.71,passed,2023-07-31
314,STU-10314,Rachel Morales,rachelmorales@school.edu.ph,2,2nd Sem 2023-2024,2,4.11,dropped,2024-06-30
315,STU-10315,Edgar dela Cruz,edgardelacruz@school.edu.ph,3,2nd Sem 2023-2024,13,1.14,incomplete,2023-07-12
316,STU-10316,Miguel Tan,migueltan@school.edu.ph,2,2nd Sem 2023-2024,9,2.37,incomplete,2024-05-06
317,STU-10317,Faith Garcia,faithgarcia@school.edu.ph,1,1st Sem 2024-2025,15,1.86,passed,2024-09-05
318,STU-10318,Elena Garcia,elenagarcia@school.edu.ph,2,2nd Sem 2023-2024,3,2.77,dropped,2023-10-09
319,STU-10319,Elena Gomez,elenagomez@school.edu.ph,1,2nd Sem 2023-2024,15,3.28,dropped,2024-08-02
320,STU-10320,Nina Torres,ninatorres@school.edu.ph,1,1st Sem 2023-2024,10,4.69,passed,2024-10-11
321,STU-10321,Juan Aquino,juanaquino@school.edu.ph,2,2nd Sem 2023-2024,2,2.86,incomplete,2024-02-26
322,STU-10322,Rachel Santos,rachelsantos@school.edu.ph,1,1st Sem 2023-2024,13,3.72,passed,2024-07-18
323,STU-10323,Maria Lim,marialim@school.edu.ph,3,1st Sem 2023-2024,14,2.25,passed,2024-01-26
324,STU-10324,Sofia Gomez,sofiagomez@school.edu.ph,1,1st Sem 2023-2024,9,3.99,passed,2024-02-20
325,STU-10325,Jasmine Tan,jasminetan@school.edu.ph,3,1st Sem 2024-2025,10,2.89,passed,2024-01-17
326,STU-10326,Edgar Ortiz,edgarortiz@school.edu.ph,1,2nd Sem 2023-2024,9,1.82,dropped,2024-09-25
327,STU-10327,Jose Rivera,joserivera@school.edu.ph,2,1st Sem 2023-2024,15,1.23,passed,2024-04-05
328,STU-10328,Jose Go,josego@school.edu.ph,1,1st Sem 2023-2024,13,2.57,incomplete,2023-06-28
329,STU-10329,Bianca Aquino,biancaaquino@school.edu.ph,2,2nd Sem 2023-2024,11,4.9,passed,2024-07-04
330,STU-10330,Andrei Flores,andreiflores@school.edu.ph,3,1st Sem 2023-2024,18,4.83,passed,2024-10-03
331,STU-10331,Cedric Ortiz,cedricortiz@school.edu.ph,1,1st Sem 2024-2025,18,3.21,passed,2024-08-26
332,STU-10332,Jose Ortiz,joseortiz@school.edu.ph,1,1st Sem 2024-2025,18,4.21,passed,2024-01-16
333,STU-10333,Edgar Bautista,edgarbautista@school.edu.ph,2,1st Sem 2023-2024,18,3.39,failed,2024-10-12
334,STU-10334,Lisa Bautista,lisabautista@school.edu.ph,2,2nd Sem 2023-2024,4,4.21,dropped,2024-05-02
335,STU-10335,Hannah Flores,hannahflores@school.edu.ph,2,2nd Sem 2023-2024,17,1.56,passed,2023-08-17
336,STU-10336,Diego Flores,diegoflores@school.edu.ph,1,1st Sem 2024-2025,18,1.15,passed,2024-08-20
337,STU-10337,Sofia Tan,sofiatan@school.edu.ph,2,1st Sem 2024-2025,3,3.4,passed,2023-10-25
338,STU-10338,Rafael Flores,rafaelflores@school.edu.ph,2,1st Sem 2024-2025,14,4.85,incomplete,2023-09-16
339,STU-10339,Lisa Villanueva,lisavillanueva@school.edu.ph,2,1st Sem 2024-2025,15,2.09,dropped,2023-11-27
340,STU-10340,Gelo Santos,gelosantos@school.edu.ph,3,1st Sem 2023-2024,13,4.57,incomplete,2024-06-11
341,STU-10341,Antonio Aquino,antonioaquino@school.edu.ph,2,1st Sem 2023-2024,3,4.11,failed,2024-06-11
342,STU-10342,Faith Go,faithgo@school.edu.ph,4,2nd Sem 2023-2024,19,2.14,passed,2024-05-09
343,STU-10343,Mark Ortiz,markortiz@school.edu.ph,1,2nd Sem 2023-2024,17,3.17,failed,2024-06-09
344,STU-10344,Andrei Santos,andreisantos@school.edu.ph,1,1st Sem 2024-2025,17,4.32,failed,2024-06-12
345,STU-10345,Kevin Lim,kevinlim@school.edu.ph,1,1st Sem 2023-2024,1,1.59,passed,2024-08-16
346,STU-10346,Maria Mendoza,mariamendoza@school.edu.ph,3,2nd Sem 2023-2024,17,2.56,passed,2023-11-08
347,STU-10347,Lisa Ortiz,lisaortiz@school.edu.ph,1,1st Sem 2024-2025,18,3.26,failed,2024-05-19
348,STU-10348,Antonio Tan,antoniotan@school.edu.ph,3,1st Sem 2023-2024,7,4.4,passed,2023-10-09
349,STU-10349,Edgar Garcia,edgargarcia@school.edu.ph,3,2nd Sem 2023-2024,3,1.14,passed,2024-06-30
350,STU-10350,Ivan Tan,ivantan@school.edu.ph,2,2nd Sem 2023-2024,4,1.15,dropped,2023-08-15
351,STU-10351,Jasmine Flores,jasmineflores@school.edu.ph,3,2nd Sem 2023-2024,13,2.35,passed,2024-04-02
352,STU-10352,Elena Santos,elenasantos@school.edu.ph,4,1st Sem 2024-2025,2,3.25,passed,2024-06-25
353,STU-10353,Nina Ramos,ninaramos@school.edu.ph,2,1st Sem 2024-2025,13,1.72,dropped,2024-03-29
354,STU-10354,Lucia Bautista,luciabautista@school.edu.ph,2,1st Sem 2024-2025,9,2.98,failed,2024-05-26
355,STU-10355,Diego Go,diegogo@school.edu.ph,2,2nd Sem 2023-2024,4,3.49,incomplete,2023-12-31
356,STU-10356,Hannah Diaz,hannahdiaz@school.edu.ph,1,1st Sem 2023-2024,10,1.13,passed,2023-09-20
357,STU-10357,Paolo Mendoza,paolomendoza@school.edu.ph,3,1st Sem 2024-2025,7,2.82,passed,2024-01-18
358,STU-10358,Ana Gomez,anagomez@school.edu.ph,2,1st Sem 2024-2025,16,2.0,passed,2024-08-19
359,STU-10359,Paolo Torres,paolotorres@school.edu.ph,3,1st Sem 2023-2024,10,2.34,passed,2023-08-27
360,STU-10360,Elena Go,elenago@school.edu.ph,3,1st Sem 2024-2025,16,3.02,incomplete,2023-11-26
361,STU-10361,Jose Castro,josecastro@school.edu.ph,3,1st Sem 2024-2025,9,4.93,failed,2024-01-03
362,STU-10362,Diego Castro,diegocastro@school.edu.ph,2,1st Sem 2024-2025,12,4.23,passed,2024-01-20
363,STU-10363,Kevin Diaz,kevindiaz@school.edu.ph,1,1st Sem 2024-2025,15,3.24,failed,2023-09-27
364,STU-10364,Juan Santos,juansantos@school.edu.ph,2,2nd Sem 2023-2024,9,3.41,passed,2024-09-30
365,STU-10365,Nina Ortiz,ninaortiz@school.edu.ph,1,2nd Sem 2023-2024,10,2.34,passed,2023-10-26
366,STU-10366,Ivan Reyes,ivanreyes@school.edu.ph,2,1st Sem 2023-2024,14,3.56,failed,2023-11-19
367,STU-10367,Edgar Villanueva,edgarvillanueva@school.edu.ph,4,2nd Sem 2023-2024,11,3.97,passed,2024-06-21
368,STU-10368,Donna Go,donnago@school.edu.ph,2,2nd Sem 2023-2024,17,4.94,passed,2024-07-13
369,STU-10369,Sofia Lim,sofialim@school.edu.ph,1,1st Sem 2023-2024,18,3.93,passed,2023-07-02
370,STU-10370,Rachel Rivera,rachelrivera@school.edu.ph,3,2nd Sem 2023-2024,12,2.06,passed,2024-01-17
371,STU-10371,Juan Santos,juansantos@school.edu.ph,1,1st Sem 2024-2025,10,4.99,incomplete,2023-11-26
372,STU-10372,Gelo Diaz,gelodiaz@school.edu.ph,2,2nd Sem 2023-2024,18,3.21,incomplete,2024-06-23
373,STU-10373,Rachel Mendoza,rachelmendoza@school.edu.ph,1,1st Sem 2024-2025,13,4.98,failed,2023-09-29
374,STU-10374,Hannah Flores,hannahflores@school.edu.ph,3,1st Sem 2023-2024,7,2.66,passed,2023-06-26
375,STU-10375,Diego Diaz,diegodiaz@school.edu.ph,1,1st Sem 2023-2024,13,4.8,passed,2023-12-21
376,STU-10376,Sofia Reyes,sofiareyes@school.edu.ph,4,1st Sem 2023-2024,15,2.48,passed,2024-07-27
377,STU-10377,Ivan Villanueva,ivanvillanueva@school.edu.ph,2,1st Sem 2024-2025,5,1.56,passed,2024-04-16
378,STU-10378,Lisa Garcia,lisagarcia@school.edu.ph,3,1st Sem 2024-2025,13,2.93,passed,2023-12-11
379,STU-10379,Donna Diaz,donnadiaz@school.edu.ph,1,2nd Sem 2023-2024,1,3.48,passed,2023-09-26
380,STU-10380,Diego Tan,diegotan@school.edu.ph,2,1st Sem 2023-2024,17,1.13,passed,2024-02-01
381,STU-10381,Carmen Rivera,carmenrivera@school.edu.ph,4,2nd Sem 2023-2024,10,4.71,failed,2024-08-25
382,STU-10382,Mark Ramos,markramos@school.edu.ph,3,2nd Sem 2023-2024,2,1.39,dropped,2023-10-18
383,STU-10383,Kevin Garcia,kevingarcia@school.edu.ph,2,1st Sem 2023-2024,10,3.67,dropped,2024-02-03
384,STU-10384,Bianca Garcia,biancagarcia@school.edu.ph,3,1st Sem 2024-2025,6,4.34,failed,2024-05-14
385,STU-10385,Nina Lim,ninalim@school.edu.ph,4,1st Sem 2024-2025,18,4.56,passed,2024-09-21
386,STU-10386,Lisa Bautista,lisabautista@school.edu.ph,4,1st Sem 2023-2024,15,2.81,passed,2023-09-03
387,STU-10387,Rachel Bautista,rachelbautista@school.edu.ph,4,2nd Sem 2023-2024,16,3.66,passed,2024-01-23
388,STU-10388,Kevin Bautista,kevinbautista@school.edu.ph,2,2nd Sem 2023-2024,4,1.51,failed,2023-07-26
389,STU-10389,Carlo Reyes,carloreyes@school.edu.ph,4,2nd Sem 2023-2024,9,2.3,passed,2023-12-09
390,STU-10390,Nina Diaz,ninadiaz@school.edu.ph,2,1st Sem 2023-2024,16,4.41,failed,2024-04-20
391,STU-10391,Ana Ramos,anaramos@school.edu.ph,4,1st Sem 2023-2024,8,3.48,passed,2024-09-28
392,STU-10392,Lucia Go,luciago@school.edu.ph,3,2nd Sem 2023-2024,11,2.13,passed,2024-04-04
393,STU-10393,Ana Reyes,anareyes@school.edu.ph,2,2nd Sem 2023-2024,16,1.35,incomplete,2023-12-14
394,STU-10394,Andrei Rivera,andreirivera@school.edu.ph,1,1st Sem 2023-2024,17,1.06,passed,2024-03-22
395,STU-10395,Antonio Mendoza,antoniomendoza@school.edu.ph,2,1st Sem 2023-2024,2,1.82,incomplete,2024-05-30
396,STU-10396,Rachel Lim,rachellim@school.edu.ph,1,1st Sem 2024-2025,15,3.77,passed,2023-07-18
397,STU-10397,Carlo Ramos,carloramos@school.edu.ph,2,1st Sem 2024-2025,11,1.17,incomplete,2024-03-31
398,STU-10398,Cedric Rivera,cedricrivera@school.edu.ph,3,2nd Sem 2023-2024,8,2.54,dropped,2024-05-17
399,STU-10399,Hannah Morales,hannahmorales@school.edu.ph,1,2nd Sem 2023-2024,13,1.94,dropped,2024-01-13
400,STU-10400,Rafael Aquino,rafaelaquino@school.edu.ph,1,1st Sem 2024-2025,13,2.39,passed,2023-10-02
401,STU-10401,Ana Garcia,anagarcia@school.edu.ph,1,1st Sem 2023-2024,1,2.45,failed,2024-08-10
402,STU-10402,Sofia Reyes,sofiareyes@school.edu.ph,1,1st Sem 2023-2024,1,2.35,failed,2023-11-01
403,STU-10403,Rachel Mendoza,rachelmendoza@school.edu.ph,2,1st Sem 2023-2024,9,1.31,failed,2024-06-20
404,STU-10404,Jasmine Diaz,jasminediaz@school.edu.ph,3,1st Sem 2023-2024,10,2.69,passed,2023-08-24
405,STU-10405,Lisa Castro,lisacastro@school.edu.ph,1,2nd Sem 2023-2024,17,1.28,passed,2023-06-01
406,STU-10406,Antonio Castro,antoniocastro@school.edu.ph,2,1st Sem 2024-2025,1,4.48,incomplete,2023-07-04
407,STU-10407,Carlo Bautista,carlobautista@school.edu.ph,1,2nd Sem 2023-2024,15,2.66,passed,2024-02-23
408,STU-10408,Ivan Ortiz,ivanortiz@school.edu.ph,2,2nd Sem 2023-2024,16,4.29,incomplete,2024-09-10
409,STU-10409,Andrei Lim,andreilim@school.edu.ph,4,1st Sem 2024-2025,19,4.25,dropped,2024-04-18
410,STU-10410,Rafael Ortiz,rafaelortiz@school.edu.ph,2,1st Sem 2023-2024,5,4.41,passed,2023-06-17
411,STU-10411,Rosa Rivera,rosarivera@school.edu.ph,3,1st Sem 2023-2024,6,4.66,incomplete,2023-08-12
412,STU-10412,Maria Lim,marialim@school.edu.ph,4,1st Sem 2023-2024,20,2.76,dropped,2023-10-28
413,STU-10413,Carmen Rivera,carmenrivera@school.edu.ph,1,2nd Sem 2023-2024,17,2.01,passed,2024-03-17
414,STU-10414,Donna Santos,donnasantos@school.edu.ph,2,2nd Sem 2023-2024,12,1.34,incomplete,2024-04-26
415,STU-10415,Ana Flores,anaflores@school.edu.ph,2,1st Sem 2023-2024,9,2.57,dropped,2024-09-13
416,STU-10416,Rosa Rivera,rosarivera@school.edu.ph,2,1st Sem 2023-2024,9,4.13,passed,2023-11-20
417,STU-10417,Rosa Morales,rosamorales@school.edu.ph,2,1st Sem 2023-2024,1,2.89,passed,2023-09-05
418,STU-10418,Lucia Mendoza,luciamendoza@school.edu.ph,2,1st Sem 2024-2025,13,4.85,failed,2024-08-31
419,STU-10419,Ana Mendoza,anamendoza@school.edu.ph,2,2nd Sem 2023-2024,9,3.53,passed,2024-05-02
420,STU-10420,Ivan Diaz,ivandiaz@school.edu.ph,3,1st Sem 2023-2024,16,2.18,failed,2024-01-09
421,STU-10421,Miguel Villanueva,miguelvillanueva@school.edu.ph,3,2nd Sem 2023-2024,7,2.16,passed,2024-06-03
422,STU-10422,Jasmine Tan,jasminetan@school.edu.ph,1,1st Sem 2023-2024,10,1.97,passed,2023-11-09
423,STU-10423,Ana Ortiz,anaortiz@school.edu.ph,3,1st Sem 2024-2025,5,4.18,dropped,2024-06-25
424,STU-10424,Kevin Flores,kevinflores@school.edu.ph,2,1st Sem 2023-2024,17,4.59,passed,2024-02-03
425,STU-10425,Ivan Castro,ivancastro@school.edu.ph,2,2nd Sem 2023-2024,12,3.12,failed,2023-12-03
426,STU-10426,Kevin Rivera,kevinrivera@school.edu.ph,2,1st Sem 2023-2024,3,3.14,passed,2023-10-04
427,STU-10427,Lucia Ramos,luciaramos@school.edu.ph,4,1st Sem 2023-2024,19,2.12,failed,2024-04-21
428,STU-10428,Carlo Torres,carlotorres@school.edu.ph,2,1st Sem 2024-2025,2,3.45,failed,2024-08-17
429,STU-10429,Kevin Ramos,kevinramos@school.edu.ph,3,1st Sem 2024-2025,9,3.97,passed,2024-06-02
430,STU-10430,Lucia Reyes,luciareyes@school.edu.ph,1,1st Sem 2024-2025,1,2.2,incomplete,2024-06-25
431,STU-10431,Maria Ramos,mariaramos@school.edu.ph,1,1st Sem 2024-2025,15,2.33,failed,2024-02-27
432,STU-10432,Carmen Reyes,carmenreyes@school.edu.ph,2,1st Sem 2024-2025,1,2.54,incomplete,2024-01-30
433,STU-10433,Mark Santos,marksantos@school.edu.ph,1,2nd Sem 2023-2024,13,2.82,incomplete,2023-06-24
434,STU-10434,Edgar Garcia,edgargarcia@school.edu.ph,3,1st Sem 2024-2025,18,3.88,passed,2024-01-28
435,STU-10435,Jose Gomez,josegomez@school.edu.ph,3,1st Sem 2023-2024,12,2.93,dropped,2024-09-14
436,STU-10436,Faith Mendoza,faithmendoza@school.edu.ph,4,2nd Sem 2023-2024,4,2.27,passed,2024-07-03
437,STU-10437,Hannah Diaz,hannahdiaz@school.edu.ph,2,2nd Sem 2023-2024,12,1.16,passed,2023-12-24
438,STU-10438,Lucia Tan,luciatan@school.edu.ph,1,1st Sem 2024-2025,15,2.83,passed,2024-05-19
439,STU-10439,Edgar Aquino,edgaraquino@school.edu.ph,1,1st Sem 2023-2024,15,3.7,passed,2023-12-09
440,STU-10440,Nina Ramos,ninaramos@school.edu.ph,1,2nd Sem 2023-2024,18,2.47,dropped,2023-06-08
441,STU-10441,Ivan Aquino,ivanaquino@school.edu.ph,3,1st Sem 2024-2025,4,3.17,passed,2024-05-16
442,STU-10442,Bianca Bautista,biancabautista@school.edu.ph,4,1st Sem 2024-2025,9,2.24,passed,2024-09-13
443,STU-10443,Gelo Diaz,gelodiaz@school.edu.ph,3,1st Sem 2023-2024,18,3.27,passed,2024-09-11
444,STU-10444,Jasmine Tan,jasminetan@school.edu.ph,2,1st Sem 2023-2024,15,1.02,passed,2024-01-02
445,STU-10445,Nina Santos,ninasantos@school.edu.ph,3,2nd Sem 2023-2024,5,2.38,passed,2023-08-18
446,STU-10446,Nina Mendoza,ninamendoza@school.edu.ph,4,1st Sem 2024-2025,2,3.49,dropped,2024-10-02
447,STU-10447,Miguel Villanueva,miguelvillanueva@school.edu.ph,2,1st Sem 2023-2024,13,1.78,dropped,2023-09-27
448,STU-10448,Lisa Mendoza,lisamendoza@school.edu.ph,1,1st Sem 2023-2024,15,2.9,failed,2024-01-30
449,STU-10449,Rachel Morales,rachelmorales@school.edu.ph,3,2nd Sem 2023-2024,9,4.37,incomplete,2024-09-11
450,STU-10450,Rafael Garcia,rafaelgarcia@school.edu.ph,4,1st Sem 2023-2024,9,3.62,passed,2024-04-30
451,STU-10451,Sofia Gomez,sofiagomez@school.edu.ph,3,2nd Sem 2023-2024,3,2.69,passed,2024-06-25
452,STU-10452,Nina Castro,ninacastro@school.edu.ph,2,1st Sem 2024-2025,18,1.26,dropped,2023-11-02
453,STU-10453,Kevin Morales,kevinmorales@school.edu.ph,1,1st Sem 2023-2024,10,3.62,incomplete,2024-07-14
454,STU-10454,Rachel Go,rachelgo@school.edu.ph,4,1st Sem 2023-2024,19,1.07,failed,2024-09-05
455,STU-10455,Lisa Aquino,lisaaquino@school.edu.ph,4,1st Sem 2023-2024,15,2.27,passed,2023-10-17
456,STU-10456,Andrei Lim,andreilim@school.edu.ph,3,1st Sem 2024-2025,6,1.04,passed,2023-06-18
457,STU-10457,Juan Gomez,juangomez@school.edu.ph,1,1st Sem 2023-2024,13,4.19,passed,2024-07-02
458,STU-10458,Rosa Torres,rosatorres@school.edu.ph,1,1st Sem 2024-2025,17,1.79,failed,2023-12-16
459,STU-10459,Cedric Garcia,cedricgarcia@school.edu.ph,2,2nd Sem 2023-2024,17,4.91,passed,2024-06-05
460,STU-10460,Andrei Mendoza,andreimendoza@school.edu.ph,2,1st Sem 2023-2024,11,2.45,passed,2024-05-07
461,STU-10461,Cedric Rivera,cedricrivera@school.edu.ph,4,2nd Sem 2023-2024,15,1.51,failed,2024-06-27
462,STU-10462,Rachel Lim,rachellim@school.edu.ph,2,2nd Sem 2023-2024,18,3.28,passed,2024-04-02
463,STU-10463,Rosa Torres,rosatorres@school.edu.ph,3,1st Sem 2023-2024,11,1.37,incomplete,2024-09-08
464,STU-10464,Bianca dela Cruz,biancadelacruz@school.edu.ph,3,2nd Sem 2023-2024,6,3.09,dropped,2024-01-25
465,STU-10465,Rachel Morales,rachelmorales@school.edu.ph,4,2nd Sem 2023-2024,14,4.22,passed,2023-08-12
466,STU-10466,Rosa Tan,rosatan@school.edu.ph,2,1st Sem 2024-2025,15,3.83,failed,2023-08-13
467,STU-10467,Juan Flores,juanflores@school.edu.ph,1,1st Sem 2023-2024,17,2.17,passed,2023-06-12
468,STU-10468,Ana Flores,anaflores@school.edu.ph,3,1st Sem 2024-2025,2,3.34,passed,2024-09-29
469,STU-10469,Andrei Lim,andreilim@school.edu.ph,3,2nd Sem 2023-2024,2,1.98,passed,2024-06-21
470,STU-10470,Mark Ramos,markramos@school.edu.ph,1,2nd Sem 2023-2024,18,1.52,passed,2024-09-19
471,STU-10471,Rachel Garcia,rachelgarcia@school.edu.ph,4,2nd Sem 2023-2024,3,1.77,incomplete,2023-11-06
472,STU-10472,Juan Diaz,juandiaz@school.edu.ph,1,2nd Sem 2023-2024,13,1.19,failed,2023-09-20
473,STU-10473,Nina Flores,ninaflores@school.edu.ph,3,1st Sem 2024-2025,2,2.08,failed,2023-12-15
474,STU-10474,Miguel Castro,miguelcastro@school.edu.ph,2,1st Sem 2024-2025,18,1.26,incomplete,2024-05-07
475,STU-10475,Edgar Aquino,edgaraquino@school.edu.ph,3,2nd Sem 2023-2024,4,1.02,passed,2024-04-08
476,STU-10476,Gelo Reyes,geloreyes@school.edu.ph,1,1st Sem 2023-2024,15,2.32,dropped,2024-07-07
477,STU-10477,Rafael Lim,rafaellim@school.edu.ph,4,2nd Sem 2023-2024,10,2.0,failed,2023-06-05
478,STU-10478,Andrei Morales,andreimorales@school.edu.ph,3,1st Sem 2023-2024,10,4.97,passed,2024-04-15
479,STU-10479,Carlo Gomez,carlogomez@school.edu.ph,2,1st Sem 2024-2025,14,2.14,dropped,2023-06-04
480,STU-10480,Sofia Garcia,sofiagarcia@school.edu.ph,1,1st Sem 2024-2025,9,1.17,failed,2023-10-14
481,STU-10481,Andrei Flores,andreiflores@school.edu.ph,3,1st Sem 2023-2024,11,3.12,passed,2023-11-23
482,STU-10482,Juan Morales,juanmorales@school.edu.ph,4,1st Sem 2024-2025,14,2.82,dropped,2023-10-27
483,STU-10483,Jose Tan,josetan@school.edu.ph,4,1st Sem 2024-2025,20,1.87,failed,2024-02-24
484,STU-10484,Faith Gomez,faithgomez@school.edu.ph,3,1st Sem 2023-2024,17,1.95,passed,2023-10-25
485,STU-10485,Paolo Reyes,paoloreyes@school.edu.ph,3,2nd Sem 2023-2024,2,4.43,passed,2024-01-12
486,STU-10486,Jose Go,josego@school.edu.ph,4,2nd Sem 2023-2024,3,1.67,failed,2024-09-28
487,STU-10487,Rafael Santos,rafaelsantos@school.edu.ph,1,1st Sem 2024-2025,18,4.53,passed,2024-10-06
488,STU-10488,Gelo Diaz,gelodiaz@school.edu.ph,3,1st Sem 2024-2025,11,2.7,failed,2023-07-21
489,STU-10489,Andrei Santos,andreisantos@school.edu.ph,2,1st Sem 2024-2025,12,2.79,passed,2024-06-29
490,STU-10490,Gelo Aquino,geloaquino@school.edu.ph,2,2nd Sem 2023-2024,15,4.19,passed,2023-09-05
491,STU-10491,Sofia Ramos,sofiaramos@school.edu.ph,1,1st Sem 2024-2025,13,1.56,incomplete,2023-06-30
492,STU-10492,Hannah Castro,hannahcastro@school.edu.ph,3,1st Sem 2024-2025,12,2.89,dropped,2024-10-08
493,STU-10493,Paolo Villanueva,paolovillanueva@school.edu.ph,3,2nd Sem 2023-2024,5,1.14,incomplete,2023-06-05
494,STU-10494,Jasmine Flores,jasmineflores@school.edu.ph,1,1st Sem 2023-2024,17,3.58,passed,2024-07-21
495,STU-10495,Maria Morales,mariamorales@school.edu.ph,1,1st Sem 2024-2025,9,4.96,passed,2023-11-18
496,STU-10496,Jasmine Santos,jasminesantos@school.edu.ph,2,1st Sem 2023-2024,13,3.92,passed,2023-09-18
497,STU-10497,Donna Morales,donnamorales@school.edu.ph,1,1st Sem 2023-2024,13,2.9,passed,2024-09-10
498,STU-10498,Edgar Torres,edgartorres@school.edu.ph,2,1st Sem 2024-2025,11,3.47,passed,2023-08-22
499,STU-10499,Cedric dela Cruz,cedricdelacruz@school.edu.ph,2,1st Sem 2024-2025,1,3.25,failed,2024-05-07
500,STU-10500,Ivan Santos,ivansantos@school.edu.ph,3,1st Sem 2024-2025,8,3.53,incomplete,2023-08-07
501,STU-10501,Miguel Aquino,miguelaquino@school.edu.ph,2,1st Sem 2023-2024,14,4.24,incomplete,2023-07-22
502,STU-10502,Edgar Santos,edgarsantos@school.edu.ph,2,2nd Sem 2023-2024,17,1.01,dropped,2023-11-27
503,STU-10503,Cedric Gomez,cedricgomez@school.edu.ph,3,2nd Sem 2023-2024,15,1.19,passed,2024-04-03
504,STU-10504,Jose Castro,josecastro@school.edu.ph,4,2nd Sem 2023-2024,18,3.75,passed,2024-06-10
505,STU-10505,Carlo Flores,carloflores@school.edu.ph,3,2nd Sem 2023-2024,17,3.67,passed,2024-09-17
506,STU-10506,Kevin Lim,kevinlim@school.edu.ph,3,1st Sem 2024-2025,18,3.3,passed,2024-08-05
507,STU-10507,Cedric Aquino,cedricaquino@school.edu.ph,4,1st Sem 2023-2024,15,4.7,dropped,2024-01-28
508,STU-10508,Rachel Flores,rachelflores@school.edu.ph,1,1st Sem 2023-2024,9,2.08,passed,2024-06-12
509,STU-10509,Bianca Aquino,biancaaquino@school.edu.ph,2,2nd Sem 2023-2024,16,1.14,incomplete,2023-08-28
510,STU-10510,Diego Reyes,diegoreyes@school.edu.ph,1,2nd Sem 2023-2024,13,1.65,failed,2024-01-07
511,STU-10511,Rafael Mendoza,rafaelmendoza@school.edu.ph,3,1st Sem 2023-2024,11,3.72,incomplete,2023-08-23
512,STU-10512,Jasmine Tan,jasminetan@school.edu.ph,3,1st Sem 2023-2024,16,2.36,incomplete,2023-11-25
513,STU-10513,Edgar Mendoza,edgarmendoza@school.edu.ph,4,1st Sem 2024-2025,16,1.6,dropped,2024-03-23
514,STU-10514,Carlo Ortiz,carloortiz@school.edu.ph,2,2nd Sem 2023-2024,13,1.14,passed,2024-05-20
515,STU-10515,Nina Villanueva,ninavillanueva@school.edu.ph,3,1st Sem 2023-2024,10,2.28,failed,2024-03-23
516,STU-10516,Ivan Morales,ivanmorales@school.edu.ph,2,1st Sem 2024-2025,11,1.27,passed,2024-10-02
517,STU-10517,Edgar Bautista,edgarbautista@school.edu.ph,2,1st Sem 2024-2025,4,2.14,failed,2024-08-27
518,STU-10518,Nina Bautista,ninabautista@school.edu.ph,3,1st Sem 2024-2025,17,2.13,incomplete,2024-02-19
519,STU-10519,Bianca Diaz,biancadiaz@school.edu.ph,1,1st Sem 2024-2025,13,3.67,failed,2024-05-21
520,STU-10520,Mark Ortiz,markortiz@school.edu.ph,1,1st Sem 2024-2025,15,2.3,passed,2024-01-26
521,STU-10521,Nina Morales,ninamorales@school.edu.ph,2,1st Sem 2023-2024,3,3.51,dropped,2024-02-13
522,STU-10522,Miguel Aquino,miguelaquino@school.edu.ph,2,2nd Sem 2023-2024,5,3.6,passed,2023-10-08
523,STU-10523,Bianca dela Cruz,biancadelacruz@school.edu.ph,1,1st Sem 2023-2024,10,2.87,passed,2024-08-31
524,STU-10524,Cedric Lim,cedriclim@school.edu.ph,4,1st Sem 2024-2025,11,2.7,passed,2024-07-31
525,STU-10525,Diego Gomez,diegogomez@school.edu.ph,3,1st Sem 2023-2024,11,3.21,passed,2024-06-22
526,STU-10526,Edgar Aquino,edgaraquino@school.edu.ph,2,1st Sem 2023-2024,17,1.01,passed,2024-04-29
527,STU-10527,Gelo Torres,gelotorres@school.edu.ph,3,2nd Sem 2023-2024,4,2.54,passed,2024-05-05
528,STU-10528,Andrei Garcia,andreigarcia@school.edu.ph,1,2nd Sem 2023-2024,18,4.87,dropped,2024-09-05
529,STU-10529,Carlo Bautista,carlobautista@school.edu.ph,2,1st Sem 2023-2024,16,2.22,passed,2024-08-26
530,STU-10530,Faith Reyes,faithreyes@school.edu.ph,3,2nd Sem 2023-2024,17,1.09,dropped,2023-11-04
531,STU-10531,Hannah Ramos,hannahramos@school.edu.ph,2,1st Sem 2024-2025,5,3.49,failed,2024-05-09
532,STU-10532,Cedric Flores,cedricflores@school.edu.ph,4,1st Sem 2024-2025,11,1.73,failed,2024-01-11
533,STU-10533,Nina Lim,ninalim@school.edu.ph,4,1st Sem 2023-2024,9,2.67,passed,2023-09-10
534,STU-10534,Lisa Morales,lisamorales@school.edu.ph,3,1st Sem 2024-2025,8,4.31,passed,2024-05-01
535,STU-10535,Lisa Santos,lisasantos@school.edu.ph,4,1st Sem 2024-2025,7,3.94,failed,2024-09-07
536,STU-10536,Antonio Reyes,antonioreyes@school.edu.ph,2,1st Sem 2023-2024,11,2.65,passed,2023-09-05
537,STU-10537,Donna Diaz,donnadiaz@school.edu.ph,2,1st Sem 2024-2025,15,2.71,passed,2024-06-18
538,STU-10538,Rachel dela Cruz,racheldelacruz@school.edu.ph,2,2nd Sem 2023-2024,3,1.73,failed,2024-03-18
539,STU-10539,Mark Reyes,markreyes@school.edu.ph,1,2nd Sem 2023-2024,17,4.33,incomplete,2024-07-04
540,STU-10540,Andrei Aquino,andreiaquino@school.edu.ph,2,1st Sem 2024-2025,9,1.25,passed,2023-09-21
541,STU-10541,Ana Mendoza,anamendoza@school.edu.ph,3,2nd Sem 2023-2024,17,3.93,passed,2024-07-15
542,STU-10542,Elena Garcia,elenagarcia@school.edu.ph,3,2nd Sem 2023-2024,14,2.88,dropped,2024-02-22
543,STU-10543,Rachel Bautista,rachelbautista@school.edu.ph,2,1st Sem 2023-2024,1,3.78,dropped,2023-08-20
544,STU-10544,Sofia Garcia,sofiagarcia@school.edu.ph,2,1st Sem 2023-2024,14,2.03,failed,2023-06-11
545,STU-10545,Rosa Reyes,rosareyes@school.edu.ph,2,1st Sem 2024-2025,11,1.87,passed,2023-11-22
546,STU-10546,Paolo Aquino,paoloaquino@school.edu.ph,1,1st Sem 2024-2025,15,4.49,passed,2023-12-11
547,STU-10547,Paolo Diaz,paolodiaz@school.edu.ph,1,1st Sem 2024-2025,17,2.76,dropped,2024-08-10
548,STU-10548,Edgar Rivera,edgarrivera@school.edu.ph,1,1st Sem 2024-2025,9,2.8,passed,2024-02-24
549,STU-10549,Carmen Santos,carmensantos@school.edu.ph,4,1st Sem 2024-2025,7,4.5,passed,2024-01-04
550,STU-10550,Carlo Castro,carlocastro@school.edu.ph,2,1st Sem 2023-2024,13,4.37,incomplete,2023-07-30
551,STU-10551,Paolo Go,paologo@school.edu.ph,2,1st Sem 2024-2025,12,2.29,failed,2023-10-31
552,STU-10552,Maria Lim,marialim@school.edu.ph,1,1st Sem 2024-2025,1,2.04,passed,2024-04-15
553,STU-10553,Andrei Flores,andreiflores@school.edu.ph,4,1st Sem 2023-2024,9,3.66,incomplete,2023-08-06
554,STU-10554,Bianca Gomez,biancagomez@school.edu.ph,2,1st Sem 2024-2025,16,4.76,dropped,2024-03-14
555,STU-10555,Rafael Flores,rafaelflores@school.edu.ph,3,1st Sem 2023-2024,11,4.28,incomplete,2024-04-09
556,STU-10556,Diego Mendoza,diegomendoza@school.edu.ph,2,1st Sem 2023-2024,18,4.66,failed,2023-06-26
557,STU-10557,Sofia Mendoza,sofiamendoza@school.edu.ph,2,2nd Sem 2023-2024,15,4.7,passed,2024-10-03
558,STU-10558,Hannah Ramos,hannahramos@school.edu.ph,1,2nd Sem 2023-2024,17,3.06,incomplete,2024-04-04
559,STU-10559,Cedric Flores,cedricflores@school.edu.ph,3,2nd Sem 2023-2024,14,2.78,incomplete,2023-08-06
560,STU-10560,Miguel Castro,miguelcastro@school.edu.ph,1,2nd Sem 2023-2024,15,4.98,passed,2024-03-22
561,STU-10561,Faith Santos,faithsantos@school.edu.ph,1,1st Sem 2024-2025,10,3.28,passed,2023-12-16
562,STU-10562,Maria Ramos,mariaramos@school.edu.ph,2,2nd Sem 2023-2024,13,4.9,dropped,2024-06-13
563,STU-10563,Hannah Castro,hannahcastro@school.edu.ph,2,2nd Sem 2023-2024,15,4.45,dropped,2024-03-16
564,STU-10564,Antonio Mendoza,antoniomendoza@school.edu.ph,1,1st Sem 2024-2025,15,1.09,failed,2024-09-23
565,STU-10565,Jose Go,josego@school.edu.ph,2,2nd Sem 2023-2024,4,4.04,passed,2023-06-09
566,STU-10566,Maria dela Cruz,mariadelacruz@school.edu.ph,1,1st Sem 2023-2024,13,4.85,passed,2024-08-22
567,STU-10567,Mark Reyes,markreyes@school.edu.ph,2,2nd Sem 2023-2024,16,4.48,passed,2024-07-13
568,STU-10568,Sofia Santos,sofiasantos@school.edu.ph,1,1st Sem 2024-2025,15,4.97,passed,2024-05-12
569,STU-10569,Jasmine Rivera,jasminerivera@school.edu.ph,4,2nd Sem 2023-2024,3,3.8,passed,2023-06-24
570,STU-10570,Kevin Lim,kevinlim@school.edu.ph,1,2nd Sem 2023-2024,1,4.81,dropped,2024-09-16
571,STU-10571,Gelo Bautista,gelobautista@school.edu.ph,3,2nd Sem 2023-2024,15,2.64,failed,2024-01-29
572,STU-10572,Hannah Santos,hannahsantos@school.edu.ph,1,1st Sem 2024-2025,10,3.0,incomplete,2024-08-19
573,STU-10573,Hannah Morales,hannahmorales@school.edu.ph,4,1st Sem 2024-2025,11,2.41,incomplete,2024-04-09
574,STU-10574,Faith Lim,faithlim@school.edu.ph,2,1st Sem 2023-2024,10,2.37,incomplete,2024-07-28
575,STU-10575,Bianca Castro,biancacastro@school.edu.ph,3,2nd Sem 2023-2024,16,4.14,incomplete,2024-05-31
576,STU-10576,Lucia Tan,luciatan@school.edu.ph,3,1st Sem 2024-2025,2,3.52,failed,2023-07-18
577,STU-10577,Rafael Go,rafaelgo@school.edu.ph,3,2nd Sem 2023-2024,14,4.62,passed,2024-07-24
578,STU-10578,Jose Castro,josecastro@school.edu.ph,2,2nd Sem 2023-2024,1,2.25,failed,2024-06-08
579,STU-10579,Rosa Aquino,rosaaquino@school.edu.ph,4,1st Sem 2024-2025,8,3.92,dropped,2024-03-04
580,STU-10580,Mark Lim,marklim@school.edu.ph,2,1st Sem 2024-2025,14,4.51,incomplete,2023-09-08
581,STU-10581,Gelo Reyes,geloreyes@school.edu.ph,4,2nd Sem 2023-2024,4,2.94,incomplete,2023-06-10
582,STU-10582,Rachel Castro,rachelcastro@school.edu.ph,2,2nd Sem 2023-2024,2,3.47,passed,2024-09-01
583,STU-10583,Paolo Morales,paolomorales@school.edu.ph,1,1st Sem 2023-2024,13,4.35,failed,2024-04-05
584,STU-10584,Lisa Garcia,lisagarcia@school.edu.ph,2,1st Sem 2023-2024,18,2.12,incomplete,2024-02-17
585,STU-10585,Lisa Villanueva,lisavillanueva@school.edu.ph,2,1st Sem 2024-2025,1,3.17,failed,2024-07-03
586,STU-10586,Jasmine Torres,jasminetorres@school.edu.ph,3,1st Sem 2024-2025,15,1.4,passed,2023-09-12
587,STU-10587,Jose dela Cruz,josedelacruz@school.edu.ph,1,1st Sem 2024-2025,10,2.26,passed,2024-04-23
588,STU-10588,Ana Reyes,anareyes@school.edu.ph,2,1st Sem 2023-2024,18,1.41,passed,2023-11-09
589,STU-10589,Juan Ortiz,juanortiz@school.edu.ph,1,1st Sem 2023-2024,18,2.04,passed,2024-07-31
590,STU-10590,Ana Ortiz,anaortiz@school.edu.ph,1,1st Sem 2023-2024,18,4.67,passed,2024-01-29
591,STU-10591,Rachel Gomez,rachelgomez@school.edu.ph,3,1st Sem 2024-2025,8,2.89,passed,2023-11-02
592,STU-10592,Cedric Garcia,cedricgarcia@school.edu.ph,3,1st Sem 2023-2024,15,2.18,passed,2024-08-20
593,STU-10593,Ana Ramos,anaramos@school.edu.ph,4,2nd Sem 2023-2024,8,4.89,failed,2023-12-29
594,STU-10594,Elena Santos,elenasantos@school.edu.ph,3,1st Sem 2024-2025,8,4.76,passed,2024-03-02
595,STU-10595,Rosa Tan,rosatan@school.edu.ph,1,1st Sem 2023-2024,10,1.25,passed,2024-02-08
596,STU-10596,Nina Tan,ninatan@school.edu.ph,2,1st Sem 2024-2025,14,2.15,passed,2023-06-19
597,STU-10597,Lucia Reyes,luciareyes@school.edu.ph,2,1st Sem 2023-2024,14,1.38,incomplete,2023-11-07
598,STU-10598,Lisa Castro,lisacastro@school.edu.ph,2,1st Sem 2024-2025,1,4.57,failed,2023-11-18
599,STU-10599,Ana Mendoza,anamendoza@school.edu.ph,2,1st Sem 2024-2025,17,1.68,passed,2023-10-24
600,STU-10600,Faith Reyes,faithreyes@school.edu.ph,4,1st Sem 2024-2025,13,4.19,incomplete,2023-09-12
601,STU-10601,Lucia Morales,luciamorales@school.edu.ph,3,1st Sem 2023-2024,10,4.95,passed,2024-07-12
602,STU-10602,Sofia Rivera,sofiarivera@school.edu.ph,1,1st Sem 2024-2025,18,4.37,failed,2023-08-05
603,STU-10603,Rafael Bautista,rafaelbautista@school.edu.ph,1,1st Sem 2024-2025,17,2.21,dropped,2024-06-14
604,STU-10604,Mark Villanueva,markvillanueva@school.edu.ph,1,1st Sem 2023-2024,17,1.79,passed,2024-02-27
605,STU-10605,Paolo Torres,paolotorres@school.edu.ph,3,1st Sem 2023-2024,12,4.81,dropped,2023-06-19
606,STU-10606,Juan Gomez,juangomez@school.edu.ph,3,2nd Sem 2023-2024,10,3.26,passed,2024-03-26
607,STU-10607,Rachel dela Cruz,racheldelacruz@school.edu.ph,2,1st Sem 2024-2025,4,4.19,incomplete,2023-07-31
608,STU-10608,Elena Diaz,elenadiaz@school.edu.ph,4,2nd Sem 2023-2024,20,2.02,passed,2023-10-23
609,STU-10609,Miguel Rivera,miguelrivera@school.edu.ph,4,2nd Sem 2023-2024,10,4.96,dropped,2024-05-21
610,STU-10610,Bianca Aquino,biancaaquino@school.edu.ph,2,2nd Sem 2023-2024,11,4.99,dropped,2023-09-11
611,STU-10611,Rafael Gomez,rafaelgomez@school.edu.ph,4,2nd Sem 2023-2024,4,3.42,passed,2024-08-31
612,STU-10612,Carlo Rivera,carlorivera@school.edu.ph,1,1st Sem 2023-2024,10,1.58,failed,2023-06-02
613,STU-10613,Rachel Tan,racheltan@school.edu.ph,1,1st Sem 2024-2025,15,4.11,dropped,2024-01-03
614,STU-10614,Rafael Garcia,rafaelgarcia@school.edu.ph,3,2nd Sem 2023-2024,2,2.67,dropped,2023-08-03
615,STU-10615,Elena Villanueva,elenavillanueva@school.edu.ph,1,1st Sem 2023-2024,9,2.64,passed,2024-01-25
616,STU-10616,Mark Santos,marksantos@school.edu.ph,3,1st Sem 2023-2024,7,1.91,incomplete,2024-03-01
617,STU-10617,Maria Aquino,mariaaquino@school.edu.ph,3,2nd Sem 2023-2024,16,2.77,passed,2024-06-15
618,STU-10618,Elena Villanueva,elenavillanueva@school.edu.ph,3,1st Sem 2023-2024,3,1.06,passed,2024-02-25
619,STU-10619,Elena Mendoza,elenamendoza@school.edu.ph,3,1st Sem 2023-2024,3,4.69,failed,2023-12-14
620,STU-10620,Miguel Aquino,miguelaquino@school.edu.ph,2,1st Sem 2024-2025,9,3.85,incomplete,2024-09-30
621,STU-10621,Miguel Rivera,miguelrivera@school.edu.ph,4,2nd Sem 2023-2024,7,3.99,passed,2024-02-21
622,STU-10622,Carmen Torres,carmentorres@school.edu.ph,1,1st Sem 2024-2025,18,1.72,passed,2024-04-22
623,STU-10623,Carmen Aquino,carmenaquino@school.edu.ph,1,1st Sem 2024-2025,13,4.96,failed,2024-09-28
624,STU-10624,Gelo Torres,gelotorres@school.edu.ph,1,1st Sem 2024-2025,18,3.87,failed,2023-11-12
625,STU-10625,Rosa Aquino,rosaaquino@school.edu.ph,4,1st Sem 2024-2025,15,1.33,passed,2023-08-26
626,STU-10626,Kevin Lim,kevinlim@school.edu.ph,3,1st Sem 2024-2025,18,2.88,passed,2024-03-20
627,STU-10627,Diego dela Cruz,diegodelacruz@school.edu.ph,1,1st Sem 2024-2025,9,4.7,dropped,2023-07-22
628,STU-10628,Elena Gomez,elenagomez@school.edu.ph,2,1st Sem 2024-2025,17,2.44,incomplete,2024-05-28
629,STU-10629,Edgar Garcia,edgargarcia@school.edu.ph,4,1st Sem 2024-2025,19,4.09,failed,2023-07-11
630,STU-10630,Jasmine dela Cruz,jasminedelacruz@school.edu.ph,3,1st Sem 2024-2025,14,4.47,passed,2024-01-04
631,STU-10631,Carlo Tan,carlotan@school.edu.ph,3,1st Sem 2024-2025,9,3.84,passed,2024-01-26
632,STU-10632,Donna Ortiz,donnaortiz@school.edu.ph,1,2nd Sem 2023-2024,18,3.57,incomplete,2023-11-14
633,STU-10633,Paolo Aquino,paoloaquino@school.edu.ph,3,2nd Sem 2023-2024,7,3.13,passed,2024-07-19
634,STU-10634,Andrei Mendoza,andreimendoza@school.edu.ph,1,1st Sem 2023-2024,9,4.25,incomplete,2023-09-21
635,STU-10635,Ana Morales,anamorales@school.edu.ph,1,1st Sem 2024-2025,1,2.55,failed,2024-09-15
636,STU-10636,Hannah Ramos,hannahramos@school.edu.ph,4,1st Sem 2024-2025,2,3.1,dropped,2023-06-07
637,STU-10637,Hannah Lim,hannahlim@school.edu.ph,1,1st Sem 2024-2025,13,4.53,incomplete,2024-07-01
638,STU-10638,Juan Garcia,juangarcia@school.edu.ph,3,1st Sem 2024-2025,3,2.84,passed,2023-08-22
639,STU-10639,Jasmine Ramos,jasmineramos@school.edu.ph,4,1st Sem 2024-2025,9,3.02,passed,2023-12-11
640,STU-10640,Juan Castro,juancastro@school.edu.ph,3,1st Sem 2024-2025,8,1.05,passed,2023-09-01
641,STU-10641,Mark Mendoza,markmendoza@school.edu.ph,2,1st Sem 2023-2024,15,2.56,failed,2023-12-09
642,STU-10642,Maria Lim,marialim@school.edu.ph,1,2nd Sem 2023-2024,13,4.19,failed,2024-02-12
643,STU-10643,Donna Ramos,donnaramos@school.edu.ph,1,1st Sem 2023-2024,18,3.55,passed,2024-05-29
644,STU-10644,Rafael Castro,rafaelcastro@school.edu.ph,3,1st Sem 2024-2025,13,4.8,passed,2024-03-30
645,STU-10645,Maria Santos,mariasantos@school.edu.ph,1,1st Sem 2024-2025,10,3.12,passed,2024-09-19
646,STU-10646,Bianca Rivera,biancarivera@school.edu.ph,3,1st Sem 2024-2025,5,1.2,failed,2024-02-07
647,STU-10647,Rafael Ramos,rafaelramos@school.edu.ph,4,1st Sem 2023-2024,14,3.95,passed,2023-09-07
648,STU-10648,Antonio Morales,antoniomorales@school.edu.ph,2,1st Sem 2024-2025,17,1.86,passed,2024-10-10
649,STU-10649,Sofia dela Cruz,sofiadelacruz@school.edu.ph,1,2nd Sem 2023-2024,10,3.39,dropped,2023-08-26
650,STU-10650,Carmen Lim,carmenlim@school.edu.ph,3,2nd Sem 2023-2024,4,2.5,passed,2024-03-16
651,STU-10651,Elena Ramos,elenaramos@school.edu.ph,4,2nd Sem 2023-2024,19,3.55,incomplete,2024-07-16
652,STU-10652,Lucia Lim,lucialim@school.edu.ph,3,2nd Sem 2023-2024,18,3.26,passed,2024-03-17
653,STU-10653,Miguel Morales,miguelmorales@school.edu.ph,3,1st Sem 2023-2024,12,1.78,incomplete,2024-01-15
654,STU-10654,Rosa Rivera,rosarivera@school.edu.ph,2,2nd Sem 2023-2024,12,3.93,passed,2024-10-07
655,STU-10655,Jasmine Lim,jasminelim@school.edu.ph,3,2nd Sem 2023-2024,9,1.3,passed,2024-07-12
656,STU-10656,Bianca Mendoza,biancamendoza@school.edu.ph,4,1st Sem 2024-2025,19,3.9,passed,2023-08-29
657,STU-10657,Faith Morales,faithmorales@school.edu.ph,2,1st Sem 2024-2025,9,2.71,passed,2023-07-14
658,STU-10658,Rachel Aquino,rachelaquino@school.edu.ph,4,2nd Sem 2023-2024,2,3.48,passed,2024-05-19
659,STU-10659,Gelo Tan,gelotan@school.edu.ph,2,1st Sem 2023-2024,10,2.62,passed,2023-08-18
660,STU-10660,Paolo Villanueva,paolovillanueva@school.edu.ph,3,1st Sem 2024-2025,12,2.63,passed,2024-05-15
661,STU-10661,Jose Tan,josetan@school.edu.ph,2,1st Sem 2024-2025,14,2.19,dropped,2024-01-05
662,STU-10662,Lisa Lim,lisalim@school.edu.ph,3,1st Sem 2023-2024,8,3.11,passed,2023-09-20
663,STU-10663,Jose Aquino,joseaquino@school.edu.ph,1,1st Sem 2024-2025,18,2.7,passed,2023-09-05
664,STU-10664,Ana Garcia,anagarcia@school.edu.ph,3,1st Sem 2024-2025,11,1.75,passed,2024-01-15
665,STU-10665,Sofia Villanueva,sofiavillanueva@school.edu.ph,4,1st Sem 2023-2024,9,1.88,failed,2024-06-16
666,STU-10666,Paolo Tan,paolotan@school.edu.ph,2,1st Sem 2023-2024,15,1.93,passed,2023-07-29
667,STU-10667,Cedric Bautista,cedricbautista@school.edu.ph,3,1st Sem 2023-2024,13,4.0,incomplete,2024-06-09
668,STU-10668,Ivan Flores,ivanflores@school.edu.ph,4,1st Sem 2024-2025,6,3.2,passed,2024-01-07
669,STU-10669,Antonio Gomez,antoniogomez@school.edu.ph,3,2nd Sem 2023-2024,5,4.49,passed,2024-06-12
670,STU-10670,Antonio Ortiz,antonioortiz@school.edu.ph,3,2nd Sem 2023-2024,2,1.84,failed,2024-01-14
671,STU-10671,Paolo Castro,paolocastro@school.edu.ph,3,2nd Sem 2023-2024,9,1.62,dropped,2023-10-14
672,STU-10672,Paolo Santos,paolosantos@school.edu.ph,2,2nd Sem 2023-2024,3,1.98,passed,2024-01-01
673,STU-10673,Gelo Gomez,gelogomez@school.edu.ph,4,1st Sem 2023-2024,10,4.67,dropped,2024-04-19
674,STU-10674,Carlo dela Cruz,carlodelacruz@school.edu.ph,3,1st Sem 2023-2024,11,1.96,passed,2024-09-21
675,STU-10675,Antonio Rivera,antoniorivera@school.edu.ph,4,1st Sem 2023-2024,5,3.97,passed,2023-06-05
676,STU-10676,Mark dela Cruz,markdelacruz@school.edu.ph,4,1st Sem 2023-2024,9,2.32,passed,2024-03-08
677,STU-10677,Rafael Mendoza,rafaelmendoza@school.edu.ph,3,1st Sem 2023-2024,8,3.35,passed,2024-04-12
678,STU-10678,Ivan Reyes,ivanreyes@school.edu.ph,1,2nd Sem 2023-2024,9,2.23,incomplete,2024-06-18
679,STU-10679,Rachel Morales,rachelmorales@school.edu.ph,1,1st Sem 2024-2025,15,1.89,passed,2023-11-01
680,STU-10680,Antonio Tan,antoniotan@school.edu.ph,2,1st Sem 2024-2025,10,3.19,failed,2024-03-24
681,STU-10681,Lucia Aquino,luciaaquino@school.edu.ph,4,1st Sem 2023-2024,2,4.84,failed,2023-10-13
682,STU-10682,Elena Santos,elenasantos@school.edu.ph,2,2nd Sem 2023-2024,17,3.11,incomplete,2024-05-24
683,STU-10683,Miguel Tan,migueltan@school.edu.ph,1,1st Sem 2024-2025,1,4.55,passed,2024-09-28
684,STU-10684,Kevin Lim,kevinlim@school.edu.ph,3,1st Sem 2023-2024,10,2.37,incomplete,2024-07-13
685,STU-10685,Elena Go,elenago@school.edu.ph,1,1st Sem 2024-2025,15,3.19,dropped,2024-06-17
686,STU-10686,Cedric Tan,cedrictan@school.edu.ph,1,2nd Sem 2023-2024,9,2.16,failed,2023-08-16
687,STU-10687,Lucia Morales,luciamorales@school.edu.ph,2,1st Sem 2023-2024,12,1.2,incomplete,2024-01-18
688,STU-10688,Andrei Tan,andreitan@school.edu.ph,2,2nd Sem 2023-2024,18,1.86,passed,2024-09-24
689,STU-10689,Cedric Go,cedricgo@school.edu.ph,2,1st Sem 2024-2025,1,2.69,failed,2023-08-07
690,STU-10690,Diego Bautista,diegobautista@school.edu.ph,3,2nd Sem 2023-2024,17,4.21,incomplete,2023-07-29
691,STU-10691,Carlo Lim,carlolim@school.edu.ph,3,2nd Sem 2023-2024,12,3.98,passed,2023-09-29
692,STU-10692,Nina Diaz,ninadiaz@school.edu.ph,3,2nd Sem 2023-2024,15,2.91,passed,2024-06-17
693,STU-10693,Bianca Ortiz,biancaortiz@school.edu.ph,3,2nd Sem 2023-2024,1,3.94,passed,2024-03-23
694,STU-10694,Lucia Tan,luciatan@school.edu.ph,3,1st Sem 2024-2025,13,2.91,passed,2024-06-26
695,STU-10695,Donna Diaz,donnadiaz@school.edu.ph,1,1st Sem 2024-2025,9,4.27,passed,2024-05-07
696,STU-10696,Donna Flores,donnaflores@school.edu.ph,1,1st Sem 2024-2025,9,4.59,incomplete,2024-09-16
697,STU-10697,Donna Ortiz,donnaortiz@school.edu.ph,2,1st Sem 2023-2024,9,4.42,passed,2024-03-14
698,STU-10698,Ana Morales,anamorales@school.edu.ph,3,2nd Sem 2023-2024,2,2.55,incomplete,2023-12-02
699,STU-10699,Hannah Villanueva,hannahvillanueva@school.edu.ph,3,2nd Sem 2023-2024,1,4.62,passed,2023-10-01
700,STU-10700,Mark Flores,markflores@school.edu.ph,1,1st Sem 2023-2024,10,2.04,passed,2023-10-22
701,STU-10701,Ivan Ortiz,ivanortiz@school.edu.ph,3,1st Sem 2023-2024,8,2.19,passed,2024-05-18
702,STU-10702,Gelo Morales,gelomorales@school.edu.ph,1,1st Sem 2023-2024,10,4.81,incomplete,2023-11-24
703,STU-10703,Carlo Reyes,carloreyes@school.edu.ph,4,1st Sem 2024-2025,18,2.03,passed,2023-10-25
704,STU-10704,Lucia Rivera,luciarivera@school.edu.ph,2,2nd Sem 2023-2024,18,2.16,passed,2024-07-16
705,STU-10705,Donna Ramos,donnaramos@school.edu.ph,4,2nd Sem 2023-2024,11,3.51,passed,2023-07-27
706,STU-10706,Juan Morales,juanmorales@school.edu.ph,4,2nd Sem 2023-2024,8,1.72,dropped,2024-03-18
707,STU-10707,Mark Garcia,markgarcia@school.edu.ph,1,1st Sem 2023-2024,17,3.14,dropped,2023-09-04
708,STU-10708,Gelo Lim,gelolim@school.edu.ph,3,1st Sem 2024-2025,18,2.0,failed,2023-10-07
709,STU-10709,Juan Flores,juanflores@school.edu.ph,1,1st Sem 2023-2024,1,1.94,dropped,2023-06-16
710,STU-10710,Gelo Aquino,geloaquino@school.edu.ph,3,1st Sem 2023-2024,9,4.95,passed,2023-10-04
711,STU-10711,Rachel Torres,racheltorres@school.edu.ph,3,1st Sem 2023-2024,7,2.95,dropped,2023-08-21
712,STU-10712,Rachel Aquino,rachelaquino@school.edu.ph,3,1st Sem 2023-2024,1,4.96,passed,2024-05-20
713,STU-10713,Mark Castro,markcastro@school.edu.ph,2,1st Sem 2024-2025,18,2.46,passed,2024-07-07
714,STU-10714,Juan Go,juango@school.edu.ph,1,1st Sem 2024-2025,9,2.19,passed,2024-03-24
715,STU-10715,Bianca Diaz,biancadiaz@school.edu.ph,2,1st Sem 2023-2024,1,4.85,passed,2024-04-14
716,STU-10716,Maria Go,mariago@school.edu.ph,4,1st Sem 2023-2024,8,4.3,failed,2023-12-22
717,STU-10717,Lucia Villanueva,luciavillanueva@school.edu.ph,2,2nd Sem 2023-2024,13,2.44,dropped,2023-12-01
718,STU-10718,Donna Go,donnago@school.edu.ph,1,1st Sem 2023-2024,15,3.61,dropped,2024-02-12
719,STU-10719,Juan Santos,juansantos@school.edu.ph,4,1st Sem 2023-2024,11,3.87,passed,2024-04-23
720,STU-10720,Donna Ortiz,donnaortiz@school.edu.ph,1,1st Sem 2024-2025,17,1.81,passed,2023-12-15
721,STU-10721,Elena Garcia,elenagarcia@school.edu.ph,3,1st Sem 2023-2024,11,3.48,incomplete,2023-07-14
722,STU-10722,Cedric Garcia,cedricgarcia@school.edu.ph,1,2nd Sem 2023-2024,15,2.75,passed,2023-09-20
723,STU-10723,Lisa Villanueva,lisavillanueva@school.edu.ph,2,1st Sem 2023-2024,10,1.67,failed,2024-04-27
724,STU-10724,Hannah Diaz,hannahdiaz@school.edu.ph,4,1st Sem 2024-2025,20,3.2,passed,2024-09-03
725,STU-10725,Carlo Gomez,carlogomez@school.edu.ph,1,2nd Sem 2023-2024,15,4.19,dropped,2024-01-20
726,STU-10726,Andrei Mendoza,andreimendoza@school.edu.ph,1,2nd Sem 2023-2024,9,1.07,passed,2024-03-13
727,STU-10727,Elena Aquino,elenaaquino@school.edu.ph,2,1st Sem 2023-2024,9,1.35,passed,2023-08-03
728,STU-10728,Gelo Reyes,geloreyes@school.edu.ph,2,2nd Sem 2023-2024,18,1.72,passed,2024-03-22
729,STU-10729,Paolo Lim,paololim@school.edu.ph,1,2nd Sem 2023-2024,17,2.05,passed,2024-06-10
730,STU-10730,Ivan Torres,ivantorres@school.edu.ph,1,1st Sem 2023-2024,9,1.93,passed,2024-04-28
731,STU-10731,Rosa Aquino,rosaaquino@school.edu.ph,4,2nd Sem 2023-2024,1,1.68,failed,2024-09-18
732,STU-10732,Kevin Morales,kevinmorales@school.edu.ph,1,1st Sem 2024-2025,10,4.57,passed,2024-05-06
733,STU-10733,Bianca Flores,biancaflores@school.edu.ph,2,2nd Sem 2023-2024,11,2.32,passed,2023-06-28
734,STU-10734,Lucia Santos,luciasantos@school.edu.ph,3,2nd Sem 2023-2024,18,3.72,dropped,2023-09-13
735,STU-10735,Ivan Flores,ivanflores@school.edu.ph,2,1st Sem 2023-2024,17,4.18,passed,2023-10-20
736,STU-10736,Maria Morales,mariamorales@school.edu.ph,2,1st Sem 2024-2025,9,1.13,passed,2023-11-04
737,STU-10737,Ana Castro,anacastro@school.edu.ph,3,2nd Sem 2023-2024,10,2.76,passed,2024-04-07
738,STU-10738,Kevin dela Cruz,kevindelacruz@school.edu.ph,4,1st Sem 2023-2024,15,1.12,passed,2024-09-10
739,STU-10739,Kevin dela Cruz,kevindelacruz@school.edu.ph,2,1st Sem 2023-2024,12,1.93,dropped,2023-09-30
740,STU-10740,Andrei Tan,andreitan@school.edu.ph,4,1st Sem 2024-2025,1,1.33,passed,2023-10-11
741,STU-10741,Donna Flores,donnaflores@school.edu.ph,1,1st Sem 2023-2024,17,4.88,failed,2023-08-11
742,STU-10742,Diego Flores,diegoflores@school.edu.ph,1,1st Sem 2023-2024,18,1.26,passed,2024-04-10
743,STU-10743,Mark Tan,marktan@school.edu.ph,2,1st Sem 2024-2025,2,2.86,passed,2024-08-02
744,STU-10744,Cedric Aquino,cedricaquino@school.edu.ph,3,1st Sem 2024-2025,10,3.35,incomplete,2024-01-14
745,STU-10745,Maria Ortiz,mariaortiz@school.edu.ph,2,2nd Sem 2023-2024,15,2.25,passed,2024-01-08
746,STU-10746,Edgar Ortiz,edgarortiz@school.edu.ph,3,2nd Sem 2023-2024,2,3.46,passed,2024-06-14
747,STU-10747,Diego Gomez,diegogomez@school.edu.ph,3,1st Sem 2024-2025,15,3.51,failed,2024-10-04
748,STU-10748,Elena Reyes,elenareyes@school.edu.ph,1,1st Sem 2023-2024,10,2.39,failed,2023-08-19
749,STU-10749,Bianca dela Cruz,biancadelacruz@school.edu.ph,3,1st Sem 2023-2024,11,2.48,failed,2023-07-08
750,STU-10750,Jasmine Go,jasminego@school.edu.ph,2,1st Sem 2024-2025,4,2.57,failed,2024-02-05
751,STU-10751,Diego Reyes,diegoreyes@school.edu.ph,2,1st Sem 2023-2024,12,1.98,failed,2023-10-15
752,STU-10752,Mark Gomez,markgomez@school.edu.ph,1,2nd Sem 2023-2024,15,1.36,passed,2024-09-18
753,STU-10753,Edgar Mendoza,edgarmendoza@school.edu.ph,4,2nd Sem 2023-2024,18,2.87,passed,2023-12-01
754,STU-10754,Jose Tan,josetan@school.edu.ph,1,1st Sem 2024-2025,18,1.31,incomplete,2024-06-03
755,STU-10755,Rafael Ortiz,rafaelortiz@school.edu.ph,1,1st Sem 2024-2025,15,1.83,passed,2023-11-13
756,STU-10756,Sofia Santos,sofiasantos@school.edu.ph,3,1st Sem 2023-2024,18,1.48,passed,2023-08-31
757,STU-10757,Bianca Diaz,biancadiaz@school.edu.ph,3,1st Sem 2023-2024,6,3.02,passed,2024-08-25
758,STU-10758,Nina Gomez,ninagomez@school.edu.ph,1,1st Sem 2023-2024,18,4.67,failed,2023-06-02
759,STU-10759,Mark Castro,markcastro@school.edu.ph,2,1st Sem 2024-2025,13,4.58,failed,2023-07-25
760,STU-10760,Maria Gomez,mariagomez@school.edu.ph,4,1st Sem 2023-2024,19,1.98,dropped,2024-01-31
761,STU-10761,Kevin Torres,kevintorres@school.edu.ph,4,2nd Sem 2023-2024,8,3.59,failed,2024-10-04
762,STU-10762,Rosa Ortiz,rosaortiz@school.edu.ph,3,2nd Sem 2023-2024,8,4.54,passed,2023-08-31
763,STU-10763,Diego Gomez,diegogomez@school.edu.ph,3,1st Sem 2023-2024,4,1.79,passed,2024-04-09
764,STU-10764,Lisa Morales,lisamorales@school.edu.ph,2,1st Sem 2023-2024,5,3.0,failed,2023-08-12
765,STU-10765,Rachel Garcia,rachelgarcia@school.edu.ph,1,1st Sem 2023-2024,18,4.85,dropped,2024-03-04
766,STU-10766,Bianca Gomez,biancagomez@school.edu.ph,4,1st Sem 2023-2024,18,4.11,failed,2024-09-04
767,STU-10767,Edgar dela Cruz,edgardelacruz@school.edu.ph,2,1st Sem 2023-2024,16,4.18,failed,2024-05-05
768,STU-10768,Faith Gomez,faithgomez@school.edu.ph,2,1st Sem 2024-2025,18,4.92,passed,2023-12-05
769,STU-10769,Lucia Tan,luciatan@school.edu.ph,2,1st Sem 2024-2025,3,4.48,dropped,2023-10-18
770,STU-10770,Carlo Rivera,carlorivera@school.edu.ph,2,2nd Sem 2023-2024,3,3.07,incomplete,2023-07-31
771,STU-10771,Lisa Ramos,lisaramos@school.edu.ph,4,1st Sem 2024-2025,5,4.03,passed,2024-07-29
772,STU-10772,Jose Go,josego@school.edu.ph,4,1st Sem 2023-2024,8,2.97,incomplete,2024-01-23
773,STU-10773,Maria dela Cruz,mariadelacruz@school.edu.ph,2,2nd Sem 2023-2024,12,3.5,dropped,2024-06-08
774,STU-10774,Sofia Mendoza,sofiamendoza@school.edu.ph,3,1st Sem 2023-2024,3,1.88,passed,2023-11-16
775,STU-10775,Andrei Diaz,andreidiaz@school.edu.ph,4,1st Sem 2024-2025,18,1.72,passed,2023-06-11
776,STU-10776,Paolo Flores,paoloflores@school.edu.ph,4,1st Sem 2024-2025,20,4.41,passed,2023-10-26
777,STU-10777,Paolo Torres,paolotorres@school.edu.ph,1,1st Sem 2024-2025,17,3.71,passed,2024-01-09
778,STU-10778,Ana Go,anago@school.edu.ph,1,1st Sem 2024-2025,10,3.21,passed,2024-02-29
779,STU-10779,Cedric Gomez,cedricgomez@school.edu.ph,2,2nd Sem 2023-2024,10,1.42,failed,2023-12-14
780,STU-10780,Maria Mendoza,mariamendoza@school.edu.ph,2,1st Sem 2024-2025,9,1.3,passed,2024-07-07
781,STU-10781,Rafael Mendoza,rafaelmendoza@school.edu.ph,1,1st Sem 2023-2024,9,2.73,passed,2024-08-27
782,STU-10782,Miguel Diaz,migueldiaz@school.edu.ph,2,1st Sem 2023-2024,16,2.15,dropped,2023-07-08
783,STU-10783,Ana Aquino,anaaquino@school.edu.ph,3,1st Sem 2024-2025,1,1.88,passed,2023-11-18
784,STU-10784,Hannah Gomez,hannahgomez@school.edu.ph,1,1st Sem 2023-2024,17,2.69,passed,2024-02-15
785,STU-10785,Kevin Villanueva,kevinvillanueva@school.edu.ph,4,1st Sem 2024-2025,11,2.15,passed,2024-08-02
786,STU-10786,Miguel Garcia,miguelgarcia@school.edu.ph,3,1st Sem 2023-2024,11,1.97,incomplete,2023-08-28
787,STU-10787,Diego Garcia,diegogarcia@school.edu.ph,3,2nd Sem 2023-2024,14,3.87,failed,2024-04-11
788,STU-10788,Gelo Santos,gelosantos@school.edu.ph,3,2nd Sem 2023-2024,8,2.97,passed,2024-08-14
789,STU-10789,Nina Tan,ninatan@school.edu.ph,1,1st Sem 2023-2024,10,4.05,failed,2023-07-12
790,STU-10790,Diego Ramos,diegoramos@school.edu.ph,1,2nd Sem 2023-2024,15,2.36,passed,2023-06-13
791,STU-10791,Mark Lim,marklim@school.edu.ph,1,1st Sem 2023-2024,10,2.57,passed,2024-09-29
792,STU-10792,Miguel Torres,migueltorres@school.edu.ph,3,1st Sem 2024-2025,15,1.99,passed,2023-08-09
793,STU-10793,Cedric Villanueva,cedricvillanueva@school.edu.ph,4,1st Sem 2024-2025,1,4.06,passed,2024-04-30
794,STU-10794,Andrei Ramos,andreiramos@school.edu.ph,4,2nd Sem 2023-2024,3,1.4,passed,2024-06-06
795,STU-10795,Edgar Mendoza,edgarmendoza@school.edu.ph,3,1st Sem 2023-2024,3,1.59,dropped,2024-01-05
796,STU-10796,Diego Ramos,diegoramos@school.edu.ph,1,1st Sem 2024-2025,10,4.12,incomplete,2023-09-24
797,STU-10797,Lisa Aquino,lisaaquino@school.edu.ph,1,1st Sem 2024-2025,17,4.9,passed,2024-09-13
798,STU-10798,Ivan Flores,ivanflores@school.edu.ph,2,1st Sem 2023-2024,2,2.9,passed,2023-06-20
799,STU-10799,Lucia Ramos,luciaramos@school.edu.ph,3,2nd Sem 2023-2024,2,1.65,passed,2024-08-03
800,STU-10800,Miguel Flores,miguelflores@school.edu.ph,1,1st Sem 2024-2025,10,3.72,failed,2023-07-04
801,STU-10801,Miguel Garcia,miguelgarcia@school.edu.ph,4,2nd Sem 2023-2024,4,1.06,failed,2024-02-28
802,STU-10802,Jose Mendoza,josemendoza@school.edu.ph,2,1st Sem 2024-2025,10,1.53,passed,2023-11-21
803,STU-10803,Ivan Flores,ivanflores@school.edu.ph,3,1st Sem 2023-2024,13,1.47,passed,2023-11-29
804,STU-10804,Maria Reyes,mariareyes@school.edu.ph,1,2nd Sem 2023-2024,1,2.35,passed,2023-08-08
805,STU-10805,Jasmine Castro,jasminecastro@school.edu.ph,3,1st Sem 2023-2024,10,4.67,passed,2024-09-07
806,STU-10806,Carmen dela Cruz,carmendelacruz@school.edu.ph,3,1st Sem 2024-2025,4,3.07,passed,2024-08-20
807,STU-10807,Lisa Bautista,lisabautista@school.edu.ph,4,2nd Sem 2023-2024,7,3.39,dropped,2024-03-30
808,STU-10808,Miguel Ramos,miguelramos@school.edu.ph,3,2nd Sem 2023-2024,15,3.0,dropped,2023-07-18
809,STU-10809,Edgar Santos,edgarsantos@school.edu.ph,3,1st Sem 2023-2024,15,3.77,passed,2024-07-17
810,STU-10810,Ana Villanueva,anavillanueva@school.edu.ph,2,2nd Sem 2023-2024,1,2.75,failed,2023-12-16
811,STU-10811,Carmen Garcia,carmengarcia@school.edu.ph,4,2nd Sem 2023-2024,4,2.05,passed,2023-08-16
812,STU-10812,Lisa Reyes,lisareyes@school.edu.ph,2,2nd Sem 2023-2024,18,2.73,passed,2024-07-21
813,STU-10813,Edgar Ortiz,edgarortiz@school.edu.ph,4,1st Sem 2023-2024,5,1.36,failed,2023-06-07
814,STU-10814,Jose Garcia,josegarcia@school.edu.ph,1,1st Sem 2024-2025,1,2.74,passed,2023-12-30
815,STU-10815,Paolo Morales,paolomorales@school.edu.ph,2,1st Sem 2023-2024,3,3.99,incomplete,2023-06-11
816,STU-10816,Donna Lim,donnalim@school.edu.ph,2,1st Sem 2023-2024,5,4.07,passed,2024-05-12
817,STU-10817,Andrei Garcia,andreigarcia@school.edu.ph,1,1st Sem 2024-2025,1,2.51,dropped,2024-02-06
818,STU-10818,Diego Flores,diegoflores@school.edu.ph,2,1st Sem 2023-2024,10,1.99,dropped,2024-02-07
819,STU-10819,Rosa Diaz,rosadiaz@school.edu.ph,2,1st Sem 2023-2024,16,3.16,passed,2024-09-26
820,STU-10820,Carlo Ortiz,carloortiz@school.edu.ph,1,2nd Sem 2023-2024,13,4.3,failed,2024-09-27
821,STU-10821,Sofia Santos,sofiasantos@school.edu.ph,4,1st Sem 2024-2025,1,4.08,incomplete,2024-04-11
822,STU-10822,Andrei Castro,andreicastro@school.edu.ph,1,1st Sem 2023-2024,17,3.71,passed,2024-03-20
823,STU-10823,Antonio Flores,antonioflores@school.edu.ph,2,1st Sem 2024-2025,15,3.7,failed,2024-06-23
824,STU-10824,Edgar Torres,edgartorres@school.edu.ph,2,1st Sem 2023-2024,9,4.18,passed,2024-04-05
825,STU-10825,Elena Diaz,elenadiaz@school.edu.ph,1,2nd Sem 2023-2024,1,1.29,passed,2024-10-13
826,STU-10826,Antonio Flores,antonioflores@school.edu.ph,1,1st Sem 2024-2025,17,2.53,passed,2024-04-15
827,STU-10827,Rachel Tan,racheltan@school.edu.ph,1,1st Sem 2023-2024,9,1.68,passed,2024-05-15
828,STU-10828,Bianca Villanueva,biancavillanueva@school.edu.ph,3,2nd Sem 2023-2024,6,1.11,passed,2023-09-08
829,STU-10829,Rafael Diaz,rafaeldiaz@school.edu.ph,4,1st Sem 2024-2025,10,1.13,incomplete,2024-08-01
830,STU-10830,Carlo dela Cruz,carlodelacruz@school.edu.ph,4,1st Sem 2024-2025,1,3.7,incomplete,2023-06-20
831,STU-10831,Jasmine dela Cruz,jasminedelacruz@school.edu.ph,2,1st Sem 2024-2025,18,2.37,dropped,2023-06-23
832,STU-10832,Edgar Morales,edgarmorales@school.edu.ph,3,1st Sem 2024-2025,3,4.05,passed,2024-01-01
833,STU-10833,Edgar dela Cruz,edgardelacruz@school.edu.ph,2,1st Sem 2023-2024,3,1.87,passed,2024-09-25
834,STU-10834,Ivan Go,ivango@school.edu.ph,3,1st Sem 2023-2024,4,2.59,passed,2024-06-29
835,STU-10835,Kevin Garcia,kevingarcia@school.edu.ph,4,1st Sem 2024-2025,14,4.45,passed,2024-03-10
836,STU-10836,Lucia Bautista,luciabautista@school.edu.ph,4,1st Sem 2024-2025,12,1.85,passed,2024-09-13
837,STU-10837,Carlo Rivera,carlorivera@school.edu.ph,1,1st Sem 2024-2025,15,3.82,failed,2024-03-23
838,STU-10838,Andrei Flores,andreiflores@school.edu.ph,3,1st Sem 2023-2024,18,2.05,dropped,2024-10-07
839,STU-10839,Rafael Santos,rafaelsantos@school.edu.ph,1,2nd Sem 2023-2024,13,1.05,dropped,2023-08-12
840,STU-10840,Carlo Flores,carloflores@school.edu.ph,1,1st Sem 2024-2025,1,4.8,passed,2024-07-29
841,STU-10841,Rosa Castro,rosacastro@school.edu.ph,3,2nd Sem 2023-2024,1,2.01,incomplete,2024-01-21
842,STU-10842,Carmen Tan,carmentan@school.edu.ph,2,2nd Sem 2023-2024,12,2.19,passed,2023-08-22
843,STU-10843,Miguel Gomez,miguelgomez@school.edu.ph,1,1st Sem 2024-2025,1,1.58,dropped,2023-06-27
844,STU-10844,Edgar Castro,edgarcastro@school.edu.ph,2,2nd Sem 2023-2024,17,2.38,passed,2023-09-10
845,STU-10845,Carlo Villanueva,carlovillanueva@school.edu.ph,1,2nd Sem 2023-2024,13,1.18,passed,2024-05-12
846,STU-10846,Rachel Diaz,racheldiaz@school.edu.ph,1,2nd Sem 2023-2024,10,3.03,failed,2023-12-24
847,STU-10847,Carlo Go,carlogo@school.edu.ph,1,2nd Sem 2023-2024,15,1.14,incomplete,2024-10-02
848,STU-10848,Juan Diaz,juandiaz@school.edu.ph,3,2nd Sem 2023-2024,1,2.05,passed,2023-10-26
849,STU-10849,Bianca Morales,biancamorales@school.edu.ph,1,1st Sem 2023-2024,18,2.46,passed,2023-10-25
850,STU-10850,Maria Gomez,mariagomez@school.edu.ph,3,1st Sem 2024-2025,3,2.9,passed,2023-09-25
851,STU-10851,Maria Villanueva,mariavillanueva@school.edu.ph,3,1st Sem 2024-2025,7,2.27,dropped,2024-03-01
852,STU-10852,Sofia Gomez,sofiagomez@school.edu.ph,2,1st Sem 2024-2025,3,4.32,passed,2024-01-02
853,STU-10853,Hannah Morales,hannahmorales@school.edu.ph,2,1st Sem 2023-2024,14,4.63,passed,2023-10-02
854,STU-10854,Miguel Castro,miguelcastro@school.edu.ph,1,1st Sem 2023-2024,13,1.98,passed,2024-05-15
855,STU-10855,Mark Rivera,markrivera@school.edu.ph,4,2nd Sem 2023-2024,18,1.44,incomplete,2024-06-09
856,STU-10856,Bianca Bautista,biancabautista@school.edu.ph,3,1st Sem 2024-2025,10,2.53,passed,2024-06-03
857,STU-10857,Rafael Flores,rafaelflores@school.edu.ph,3,1st Sem 2024-2025,8,1.0,passed,2023-10-04
858,STU-10858,Hannah Villanueva,hannahvillanueva@school.edu.ph,3,1st Sem 2023-2024,5,4.95,failed,2024-03-24
859,STU-10859,Andrei Santos,andreisantos@school.edu.ph,1,1st Sem 2024-2025,15,3.43,passed,2024-02-15
860,STU-10860,Paolo Mendoza,paolomendoza@school.edu.ph,2,2nd Sem 2023-2024,18,1.1,passed,2024-10-09
861,STU-10861,Nina Ramos,ninaramos@school.edu.ph,3,1st Sem 2023-2024,6,2.9,passed,2024-09-19
862,STU-10862,Donna Villanueva,donnavillanueva@school.edu.ph,1,1st Sem 2024-2025,18,4.14,passed,2023-06-05
863,STU-10863,Carmen Ortiz,carmenortiz@school.edu.ph,3,2nd Sem 2023-2024,7,4.38,incomplete,2023-11-13
864,STU-10864,Donna Villanueva,donnavillanueva@school.edu.ph,3,2nd Sem 2023-2024,7,4.55,dropped,2023-10-10
865,STU-10865,Lucia Santos,luciasantos@school.edu.ph,3,1st Sem 2024-2025,2,2.27,passed,2023-10-25
866,STU-10866,Lucia Garcia,luciagarcia@school.edu.ph,1,2nd Sem 2023-2024,15,4.86,passed,2023-10-12
867,STU-10867,Carmen Aquino,carmenaquino@school.edu.ph,1,1st Sem 2023-2024,9,3.19,passed,2023-11-28
868,STU-10868,Gelo Aquino,geloaquino@school.edu.ph,1,2nd Sem 2023-2024,13,3.21,failed,2023-08-03
869,STU-10869,Lisa Flores,lisaflores@school.edu.ph,1,1st Sem 2023-2024,9,2.0,passed,2024-05-22
870,STU-10870,Carmen Santos,carmensantos@school.edu.ph,3,2nd Sem 2023-2024,10,2.12,incomplete,2023-07-25
871,STU-10871,Lucia Torres,luciatorres@school.edu.ph,3,2nd Sem 2023-2024,8,1.06,passed,2023-12-30
872,STU-10872,Kevin dela Cruz,kevindelacruz@school.edu.ph,3,1st Sem 2024-2025,7,4.92,passed,2024-02-27
873,STU-10873,Antonio Flores,antonioflores@school.edu.ph,4,2nd Sem 2023-2024,1,1.09,incomplete,2023-06-29
874,STU-10874,Bianca Lim,biancalim@school.edu.ph,2,2nd Sem 2023-2024,14,3.93,failed,2023-09-15
875,STU-10875,Lisa Rivera,lisarivera@school.edu.ph,3,2nd Sem 2023-2024,18,4.82,incomplete,2024-08-24
876,STU-10876,Diego Morales,diegomorales@school.edu.ph,3,2nd Sem 2023-2024,1,1.92,failed,2024-09-02
877,STU-10877,Miguel Castro,miguelcastro@school.edu.ph,3,1st Sem 2023-2024,3,2.3,failed,2024-02-21
878,STU-10878,Lucia Castro,luciacastro@school.edu.ph,1,2nd Sem 2023-2024,10,1.92,passed,2023-07-23
879,STU-10879,Lisa Tan,lisatan@school.edu.ph,2,1st Sem 2024-2025,12,3.05,passed,2024-05-27
880,STU-10880,Hannah Mendoza,hannahmendoza@school.edu.ph,2,1st Sem 2024-2025,17,4.2,incomplete,2024-02-05
881,STU-10881,Maria Ortiz,mariaortiz@school.edu.ph,3,1st Sem 2024-2025,7,4.13,passed,2024-09-27
882,STU-10882,Juan Garcia,juangarcia@school.edu.ph,3,2nd Sem 2023-2024,18,2.4,passed,2023-07-22
883,STU-10883,Jose Ramos,joseramos@school.edu.ph,1,1st Sem 2023-2024,9,2.14,passed,2023-06-09
884,STU-10884,Gelo Gomez,gelogomez@school.edu.ph,1,1st Sem 2024-2025,10,4.04,dropped,2023-06-02
885,STU-10885,Rachel Ramos,rachelramos@school.edu.ph,3,1st Sem 2024-2025,7,4.37,passed,2024-05-26
886,STU-10886,Rosa Ortiz,rosaortiz@school.edu.ph,3,1st Sem 2023-2024,11,3.02,passed,2023-07-08
887,STU-10887,Mark Gomez,markgomez@school.edu.ph,1,1st Sem 2023-2024,9,4.09,incomplete,2024-07-15
888,STU-10888,Donna Reyes,donnareyes@school.edu.ph,1,2nd Sem 2023-2024,13,4.92,passed,2023-06-27
889,STU-10889,Edgar Mendoza,edgarmendoza@school.edu.ph,3,2nd Sem 2023-2024,5,4.77,passed,2023-08-23
890,STU-10890,Paolo Torres,paolotorres@school.edu.ph,3,2nd Sem 2023-2024,16,1.37,failed,2024-09-24
891,STU-10891,Carlo Flores,carloflores@school.edu.ph,1,2nd Sem 2023-2024,13,4.65,passed,2023-08-23
892,STU-10892,Carmen Morales,carmenmorales@school.edu.ph,1,1st Sem 2023-2024,15,1.19,incomplete,2023-08-20
893,STU-10893,Rafael Flores,rafaelflores@school.edu.ph,4,1st Sem 2023-2024,2,4.94,passed,2023-08-29
894,STU-10894,Mark Ortiz,markortiz@school.edu.ph,4,1st Sem 2023-2024,20,4.32,passed,2023-09-17
895,STU-10895,Andrei Bautista,andreibautista@school.edu.ph,3,2nd Sem 2023-2024,8,4.73,incomplete,2024-03-23
896,STU-10896,Andrei Villanueva,andreivillanueva@school.edu.ph,2,2nd Sem 2023-2024,17,3.03,passed,2024-01-22
897,STU-10897,Edgar Lim,edgarlim@school.edu.ph,1,1st Sem 2023-2024,1,2.72,passed,2023-07-06
898,STU-10898,Sofia Castro,sofiacastro@school.edu.ph,2,1st Sem 2023-2024,13,3.37,incomplete,2024-08-15
899,STU-10899,Miguel Gomez,miguelgomez@school.edu.ph,2,1st Sem 2023-2024,15,3.44,passed,2023-07-03
900,STU-10900,Rafael Santos,rafaelsantos@school.edu.ph,3,1st Sem 2024-2025,13,1.55,passed,2023-09-27
901,STU-10901,Faith Torres,faithtorres@school.edu.ph,3,1st Sem 2024-2025,3,2.32,passed,2024-02-06
902,STU-10902,Antonio Reyes,antonioreyes@school.edu.ph,3,2nd Sem 2023-2024,9,2.31,passed,2024-05-22
903,STU-10903,Diego Reyes,diegoreyes@school.edu.ph,4,2nd Sem 2023-2024,17,3.14,failed,2023-08-13
904,STU-10904,Miguel Santos,miguelsantos@school.edu.ph,2,1st Sem 2023-2024,13,2.93,passed,2024-03-11
905,STU-10905,Sofia Go,sofiago@school.edu.ph,1,1st Sem 2023-2024,1,1.91,passed,2023-11-14
906,STU-10906,Bianca Reyes,biancareyes@school.edu.ph,1,1st Sem 2023-2024,18,2.18,passed,2024-01-20
907,STU-10907,Lisa Morales,lisamorales@school.edu.ph,3,2nd Sem 2023-2024,1,3.42,dropped,2023-12-27
908,STU-10908,Lucia Bautista,luciabautista@school.edu.ph,3,2nd Sem 2023-2024,13,3.97,passed,2023-12-09
909,STU-10909,Rosa Santos,rosasantos@school.edu.ph,1,1st Sem 2024-2025,18,1.36,failed,2023-12-12
910,STU-10910,Carmen Reyes,carmenreyes@school.edu.ph,2,1st Sem 2024-2025,5,2.92,dropped,2024-05-21
911,STU-10911,Lisa Gomez,lisagomez@school.edu.ph,1,2nd Sem 2023-2024,9,3.7,incomplete,2023-10-07
912,STU-10912,Elena Garcia,elenagarcia@school.edu.ph,1,2nd Sem 2023-2024,9,3.76,incomplete,2024-06-16
913,STU-10913,Bianca dela Cruz,biancadelacruz@school.edu.ph,2,1st Sem 2024-2025,5,2.76,failed,2024-01-08
914,STU-10914,Maria dela Cruz,mariadelacruz@school.edu.ph,2,1st Sem 2023-2024,12,4.5,incomplete,2023-11-26
915,STU-10915,Rafael Reyes,rafaelreyes@school.edu.ph,1,1st Sem 2023-2024,15,1.3,incomplete,2023-10-05
916,STU-10916,Jasmine Lim,jasminelim@school.edu.ph,3,1st Sem 2023-2024,15,1.65,failed,2024-07-18
917,STU-10917,Bianca Ramos,biancaramos@school.edu.ph,3,1st Sem 2024-2025,2,2.56,failed,2024-02-11
918,STU-10918,Carlo dela Cruz,carlodelacruz@school.edu.ph,2,1st Sem 2024-2025,2,2.24,failed,2024-05-06
919,STU-10919,Hannah Aquino,hannahaquino@school.edu.ph,1,2nd Sem 2023-2024,18,4.59,passed,2023-07-23
920,STU-10920,Hannah Reyes,hannahreyes@school.edu.ph,2,1st Sem 2023-2024,16,1.96,passed,2024-04-03
921,STU-10921,Gelo Mendoza,gelomendoza@school.edu.ph,3,1st Sem 2024-2025,7,4.01,passed,2024-03-20
922,STU-10922,Lisa Lim,lisalim@school.edu.ph,3,1st Sem 2023-2024,17,3.77,passed,2023-09-30
923,STU-10923,Donna Torres,donnatorres@school.edu.ph,2,1st Sem 2023-2024,14,3.31,incomplete,2024-05-24
924,STU-10924,Rafael Tan,rafaeltan@school.edu.ph,3,1st Sem 2024-2025,16,4.07,passed,2023-10-21
925,STU-10925,Lisa Diaz,lisadiaz@school.edu.ph,1,1st Sem 2024-2025,1,3.62,incomplete,2023-11-06
926,STU-10926,Ana Tan,anatan@school.edu.ph,4,1st Sem 2024-2025,16,3.67,dropped,2024-09-23
927,STU-10927,Edgar Mendoza,edgarmendoza@school.edu.ph,4,1st Sem 2024-2025,4,1.9,dropped,2024-06-28
928,STU-10928,Cedric Rivera,cedricrivera@school.edu.ph,3,1st Sem 2024-2025,15,3.63,incomplete,2024-03-27
929,STU-10929,Antonio Lim,antoniolim@school.edu.ph,3,1st Sem 2024-2025,6,2.99,passed,2024-03-01
930,STU-10930,Nina Ortiz,ninaortiz@school.edu.ph,2,1st Sem 2024-2025,15,2.48,passed,2024-07-10
931,STU-10931,Miguel Lim,miguellim@school.edu.ph,3,1st Sem 2024-2025,8,1.8,dropped,2024-07-19
932,STU-10932,Miguel Ortiz,miguelortiz@school.edu.ph,1,2nd Sem 2023-2024,1,3.4,passed,2024-03-11
933,STU-10933,Rafael Garcia,rafaelgarcia@school.edu.ph,2,2nd Sem 2023-2024,18,1.53,passed,2024-02-15
934,STU-10934,Andrei Ortiz,andreiortiz@school.edu.ph,1,1st Sem 2023-2024,9,3.95,passed,2024-06-03
935,STU-10935,Carmen Reyes,carmenreyes@school.edu.ph,2,1st Sem 2023-2024,14,2.18,failed,2023-07-18
936,STU-10936,Juan Gomez,juangomez@school.edu.ph,2,1st Sem 2024-2025,14,2.98,passed,2023-09-07
937,STU-10937,Bianca Gomez,biancagomez@school.edu.ph,3,1st Sem 2024-2025,14,2.99,passed,2024-07-27
938,STU-10938,Paolo Reyes,paoloreyes@school.edu.ph,1,2nd Sem 2023-2024,1,1.62,passed,2024-07-29
939,STU-10939,Rosa Flores,rosaflores@school.edu.ph,2,1st Sem 2023-2024,1,4.54,passed,2024-06-10
940,STU-10940,Rachel Santos,rachelsantos@school.edu.ph,2,1st Sem 2023-2024,2,3.47,passed,2023-10-26
941,STU-10941,Jasmine Ortiz,jasmineortiz@school.edu.ph,2,1st Sem 2024-2025,1,2.12,passed,2023-11-24
942,STU-10942,Elena Santos,elenasantos@school.edu.ph,1,1st Sem 2024-2025,15,3.28,passed,2024-08-08
943,STU-10943,Miguel Go,miguelgo@school.edu.ph,1,2nd Sem 2023-2024,17,4.09,passed,2023-06-28
944,STU-10944,Miguel Ortiz,miguelortiz@school.edu.ph,1,2nd Sem 2023-2024,10,2.88,incomplete,2023-10-03
945,STU-10945,Lucia Ramos,luciaramos@school.edu.ph,1,1st Sem 2024-2025,10,1.76,incomplete,2023-10-03
946,STU-10946,Cedric Bautista,cedricbautista@school.edu.ph,3,1st Sem 2024-2025,17,4.37,incomplete,2024-09-30
947,STU-10947,Paolo Reyes,paoloreyes@school.edu.ph,3,1st Sem 2023-2024,7,3.46,incomplete,2024-04-05
948,STU-10948,Bianca Rivera,biancarivera@school.edu.ph,3,1st Sem 2024-2025,11,1.2,incomplete,2024-05-15
949,STU-10949,Edgar Mendoza,edgarmendoza@school.edu.ph,2,1st Sem 2023-2024,3,1.04,failed,2024-07-18
950,STU-10950,Donna Flores,donnaflores@school.edu.ph,3,1st Sem 2024-2025,17,4.53,passed,2024-03-03
951,STU-10951,Kevin Bautista,kevinbautista@school.edu.ph,3,1st Sem 2024-2025,15,4.07,failed,2023-09-02
952,STU-10952,Donna Reyes,donnareyes@school.edu.ph,2,1st Sem 2023-2024,16,2.66,dropped,2023-12-11
953,STU-10953,Carmen Villanueva,carmenvillanueva@school.edu.ph,3,2nd Sem 2023-2024,5,1.58,passed,2024-02-18
954,STU-10954,Carmen Castro,carmencastro@school.edu.ph,2,2nd Sem 2023-2024,14,1.73,passed,2024-08-08
955,STU-10955,Andrei Torres,andreitorres@school.edu.ph,2,2nd Sem 2023-2024,12,1.5,failed,2024-06-17
956,STU-10956,Rafael Ramos,rafaelramos@school.edu.ph,2,1st Sem 2023-2024,16,4.68,incomplete,2023-10-25
957,STU-10957,Kevin Mendoza,kevinmendoza@school.edu.ph,2,1st Sem 2024-2025,12,3.13,passed,2024-03-19
958,STU-10958,Carmen Flores,carmenflores@school.edu.ph,4,1st Sem 2023-2024,2,2.42,passed,2023-12-29
959,STU-10959,Hannah Aquino,hannahaquino@school.edu.ph,1,1st Sem 2023-2024,18,2.31,passed,2023-06-18
960,STU-10960,Sofia Lim,sofialim@school.edu.ph,2,2nd Sem 2023-2024,9,4.19,passed,2024-04-26
961,STU-10961,Juan Lim,juanlim@school.edu.ph,3,2nd Sem 2023-2024,15,1.18,passed,2024-04-07
962,STU-10962,Donna Flores,donnaflores@school.edu.ph,2,1st Sem 2024-2025,1,2.73,passed,2023-09-03
963,STU-10963,Gelo Morales,gelomorales@school.edu.ph,3,1st Sem 2023-2024,7,2.03,passed,2023-07-21
964,STU-10964,Donna Tan,donnatan@school.edu.ph,4,1st Sem 2023-2024,10,3.02,failed,2024-06-03
965,STU-10965,Paolo Villanueva,paolovillanueva@school.edu.ph,2,1st Sem 2024-2025,3,2.92,failed,2024-09-08
966,STU-10966,Jose Mendoza,josemendoza@school.edu.ph,4,1st Sem 2023-2024,14,3.97,incomplete,2023-11-05
967,STU-10967,Carmen Lim,carmenlim@school.edu.ph,2,2nd Sem 2023-2024,18,4.15,passed,2023-09-03
968,STU-10968,Diego Garcia,diegogarcia@school.edu.ph,2,2nd Sem 2023-2024,17,2.93,passed,2024-05-26
969,STU-10969,Miguel Go,miguelgo@school.edu.ph,1,2nd Sem 2023-2024,13,2.9,dropped,2023-10-24
970,STU-10970,Andrei Castro,andreicastro@school.edu.ph,2,2nd Sem 2023-2024,5,3.15,passed,2024-02-23
971,STU-10971,Sofia Mendoza,sofiamendoza@school.edu.ph,1,2nd Sem 2023-2024,9,4.94,failed,2024-02-04
972,STU-10972,Edgar Ramos,edgarramos@school.edu.ph,2,2nd Sem 2023-2024,4,4.93,failed,2023-12-07
973,STU-10973,Lucia Ramos,luciaramos@school.edu.ph,2,1st Sem 2024-2025,5,1.31,failed,2023-09-26
974,STU-10974,Jasmine Garcia,jasminegarcia@school.edu.ph,1,1st Sem 2023-2024,10,4.25,passed,2024-02-25
975,STU-10975,Faith Mendoza,faithmendoza@school.edu.ph,2,1st Sem 2024-2025,9,4.58,passed,2023-12-17
976,STU-10976,Donna Go,donnago@school.edu.ph,2,2nd Sem 2023-2024,18,1.13,incomplete,2024-07-16
977,STU-10977,Ana Rivera,anarivera@school.edu.ph,3,2nd Sem 2023-2024,14,1.73,passed,2023-07-12
978,STU-10978,Elena Garcia,elenagarcia@school.edu.ph,1,2nd Sem 2023-2024,1,3.91,dropped,2023-10-26
979,STU-10979,Donna Santos,donnasantos@school.edu.ph,3,1st Sem 2023-2024,5,2.11,passed,2024-03-14
980,STU-10980,Jose Reyes,josereyes@school.edu.ph,1,2nd Sem 2023-2024,18,2.28,passed,2023-06-10
981,STU-10981,Carmen Garcia,carmengarcia@school.edu.ph,4,1st Sem 2024-2025,9,1.8,failed,2023-10-11
982,STU-10982,Sofia Villanueva,sofiavillanueva@school.edu.ph,2,1st Sem 2023-2024,16,1.9,dropped,2023-09-21
983,STU-10983,Bianca Diaz,biancadiaz@school.edu.ph,2,1st Sem 2024-2025,3,2.8,dropped,2024-06-14
984,STU-10984,Carmen Aquino,carmenaquino@school.edu.ph,2,1st Sem 2023-2024,10,2.81,passed,2024-06-06
985,STU-10985,Ana Lim,analim@school.edu.ph,1,1st Sem 2024-2025,9,1.89,passed,2024-05-29
986,STU-10986,Diego Rivera,diegorivera@school.edu.ph,2,1st Sem 2024-2025,12,4.3,passed,2024-04-27
987,STU-10987,Andrei Morales,andreimorales@school.edu.ph,3,2nd Sem 2023-2024,18,1.79,incomplete,2024-09-13
988,STU-10988,Juan Castro,juancastro@school.edu.ph,2,2nd Sem 2023-2024,17,4.63,passed,2024-03-09
989,STU-10989,Jasmine Aquino,jasmineaquino@school.edu.ph,2,1st Sem 2023-2024,1,1.38,passed,2024-03-13
990,STU-10990,Gelo Torres,gelotorres@school.edu.ph,1,1st Sem 2023-2024,18,3.11,failed,2024-09-11
991,STU-10991,Ana Santos,anasantos@school.edu.ph,1,1st Sem 2023-2024,13,2.99,dropped,2023-12-10
992,STU-10992,Rachel dela Cruz,racheldelacruz@school.edu.ph,1,1st Sem 2024-2025,9,2.47,passed,2024-06-04
993,STU-10993,Carmen Santos,carmensantos@school.edu.ph,1,1st Sem 2024-2025,9,1.43,failed,2024-06-12
994,STU-10994,Elena Flores,elenaflores@school.edu.ph,3,1st Sem 2023-2024,16,1.79,failed,2024-04-06
995,STU-10995,Nina Morales,ninamorales@school.edu.ph,1,1st Sem 2024-2025,17,2.09,dropped,2024-07-22
996,STU-10996,Bianca Reyes,biancareyes@school.edu.ph,3,2nd Sem 2023-2024,9,1.67,passed,2023-07-15
997,STU-10997,Jose Tan,josetan@school.edu.ph,2,2nd Sem 2023-2024,12,2.66,failed,2023-10-23
998,STU-10998,Jasmine Gomez,jasminegomez@school.edu.ph,1,1st Sem 2024-2025,18,1.83,failed,2024-09-11
999,STU-10999,Kevin Go,kevingo@school.edu.ph,2,1st Sem 2024-2025,11,1.72,failed,2024-01-31
1000,STU-11000,Diego Ortiz,diegoortiz@school.edu.ph,4,2nd Sem 2023-2024,18,2.8,passed,2024-07-12
